,method,label,path,id,AS,validity_AS,preservation_AS,Stefano,validity_Stefano,preservation_Stefano,Thao,validity_Thao,preservation_Thao,Davide,validity_Davide,preservation_Davide,Amr,validity_Amr,preservation_Amr,xiang,validity_xiang,preservation_xiang,Shangsu,validity_Shangsu,preservation_Shangsu,xin,validity_xin,preservation_xin,Linfeng,validity_Linfeng,preservation_Linfeng,yuting,validity_yuting,preservation_yuting,He,validity_He,preservation_He,short_path,mutation_number
0,XAI,0,digit_of_sm_rr/_C_C_sm/digit_0_id_144.npy,0,0.0,True,True,0.0,True,True,0.0,True,True,0.0,True,True,10,True,False,0.0,True,True,0.0,True,True,0.0,True,True,0.0,True,True,,False,False,0.0,True,True,_C_C_sm/digit_0_id_144,127.0
1,XAI,0,digit_of_sm_rr/_C_C_sm/digit_0_id_113.npy,1,0.0,True,True,0.0,True,True,0.0,True,True,0.0,True,True,0,True,True,0.0,True,True,0.0,True,True,9.0,True,False,9.0,True,False,0.0,True,True,0.0,True,True,_C_C_sm/digit_0_id_113,60.0
2,XAI,0,digit_of_sm_rr/_C_C_sm/digit_0_id_53.npy,2,0.0,True,True,0.0,True,True,0.0,True,True,0.0,True,True,0,True,True,0.0,True,True,0.0,True,True,0.0,True,True,0.0,True,True,0.0,True,True,0.0,True,True,_C_C_sm/digit_0_id_53,48.0
3,XAI,0,digit_of_sm_rr/_C_C_sm/digit_0_id_155.npy,3,0.0,True,True,0.0,True,True,0.0,True,True,5.0,True,False,10,True,False,0.0,True,True,6.0,True,False,0.0,True,True,8.0,True,False,,False,False,0.0,True,True,_C_C_sm/digit_0_id_155,123.0
4,XAI,0,digit_of_sm_rr/_C_C_sm/digit_0_id_71.npy,4,0.0,True,True,0.0,True,True,0.0,True,True,0.0,True,True,0,True,True,0.0,True,True,6.0,True,False,0.0,True,True,6.0,True,False,,False,False,0.0,True,True,_C_C_sm/digit_0_id_71,135.0
5,XAI,0,digit_of_sm_rr/_C_C_sm/digit_0_id_196.npy,5,0.0,True,True,0.0,True,True,3.0,True,False,0.0,True,True,0,True,True,0.0,True,True,0.0,True,True,0.0,True,True,0.0,True,True,0.0,True,True,0.0,True,True,_C_C_sm/digit_0_id_196,89.0
6,XAI,0,digit_of_sm_rr/_C_C_sm/digit_0_id_111.npy,6,0.0,True,True,0.0,True,True,6.0,True,False,0.0,True,True,10,True,False,0.0,True,True,0.0,True,True,0.0,True,True,6.0,True,False,0.0,True,True,0.0,True,True,_C_C_sm/digit_0_id_111,134.0
7,XAI,0,digit_of_sm_rr/_C_C_sm/digit_0_id_16.npy,7,0.0,True,True,0.0,True,True,,False,False,4.0,True,False,0,True,True,0.0,True,True,0.0,True,True,0.0,True,True,,False,False,0.0,True,True,0.0,True,True,_C_C_sm/digit_0_id_16,40.0
8,XAI,0,digit_of_sm_rr/_C_C_sm/digit_0_id_88.npy,8,0.0,True,True,0.0,True,True,0.0,True,True,0.0,True,True,0,True,True,0.0,True,True,0.0,True,True,0.0,True,True,0.0,True,True,0.0,True,True,0.0,True,True,_C_C_sm/digit_0_id_88,162.0
9,XAI,0,digit_of_sm_rr/_C_C_sm/digit_0_id_91.npy,9,0.0,True,True,0.0,True,True,0.0,True,True,,False,False,10,True,False,6.0,True,False,,False,False,8.0,True,False,0.0,True,True,,False,False,0.0,True,True,_C_C_sm/digit_0_id_91,152.0
10,XAI,0,digit_of_sm_rr/_C_C_sm/digit_0_id_81.npy,10,0.0,True,True,0.0,True,True,6.0,True,False,2.0,True,False,0,True,True,2.0,True,False,6.0,True,False,0.0,True,True,0.0,True,True,,False,False,0.0,True,True,_C_C_sm/digit_0_id_81,45.0
11,XAI,0,digit_of_sm_rr/_C_C_sm/digit_0_id_195.npy,11,0.0,True,True,0.0,True,True,3.0,True,False,0.0,True,True,10,True,False,0.0,True,True,0.0,True,True,0.0,True,True,3.0,True,False,0.0,True,True,0.0,True,True,_C_C_sm/digit_0_id_195,76.0
12,XAI,0,digit_of_sm_rr/_C_C_sm/digit_0_id_53.npy,12,0.0,True,True,0.0,True,True,0.0,True,True,0.0,True,True,0,True,True,0.0,True,True,0.0,True,True,0.0,True,True,0.0,True,True,0.0,True,True,0.0,True,True,_C_C_sm/digit_0_id_53,48.0
13,XAI,0,digit_of_sm_rr/_C_C_sm/digit_0_id_129.npy,13,0.0,True,True,0.0,True,True,0.0,True,True,0.0,True,True,0,True,True,0.0,True,True,0.0,True,True,0.0,True,True,,False,False,0.0,True,True,0.0,True,True,_C_C_sm/digit_0_id_129,1.0
14,XAI,0,digit_of_sm_rr/_C_C_sm/digit_0_id_41.npy,14,0.0,True,True,0.0,True,True,0.0,True,True,0.0,True,True,0,True,True,0.0,True,True,0.0,True,True,0.0,True,True,0.0,True,True,0.0,True,True,0.0,True,True,_C_C_sm/digit_0_id_41,60.0
15,XAI,0,digit_of_sm_rr/_C_C_sm/digit_0_id_177.npy,15,0.0,True,True,0.0,True,True,0.0,True,True,0.0,True,True,10,True,False,0.0,True,True,0.0,True,True,0.0,True,True,0.0,True,True,0.0,True,True,0.0,True,True,_C_C_sm/digit_0_id_177,105.0
16,XAI,0,digit_of_sm_rr/_C_C_sm/digit_0_id_176.npy,16,,False,False,0.0,True,True,,False,False,,False,False,10,True,False,0.0,True,True,0.0,True,True,0.0,True,True,,False,False,,False,False,0.0,True,True,_C_C_sm/digit_0_id_176,140.0
17,XAI,0,digit_of_sm_rr/_C_C_sm/digit_0_id_132.npy,17,0.0,True,True,0.0,True,True,0.0,True,True,0.0,True,True,0,True,True,0.0,True,True,0.0,True,True,0.0,True,True,0.0,True,True,0.0,True,True,0.0,True,True,_C_C_sm/digit_0_id_132,77.0
18,XAI,0,digit_of_sm_rr/_C_C_sm/digit_0_id_163.npy,18,0.0,True,True,0.0,True,True,0.0,True,True,0.0,True,True,0,True,True,0.0,True,True,6.0,True,False,6.0,True,False,0.0,True,True,,False,False,0.0,True,True,_C_C_sm/digit_0_id_163,84.0
19,XAI,0,digit_of_sm_rr/_C_C_sm/digit_0_id_12.npy,19,0.0,True,True,0.0,True,True,0.0,True,True,0.0,True,True,0,True,True,0.0,True,True,0.0,True,True,0.0,True,True,,False,False,0.0,True,True,0.0,True,True,_C_C_sm/digit_0_id_12,74.0
20,XAI,1,digit_of_sm_rr/_C_C_sm/digit_1_id_28.npy,20,1.0,True,True,1.0,True,True,1.0,True,True,1.0,True,True,10,True,False,1.0,True,True,1.0,True,True,1.0,True,True,1.0,True,True,1.0,True,True,1.0,True,True,_C_C_sm/digit_1_id_28,35.0
21,XAI,1,digit_of_sm_rr/_C_C_sm/digit_1_id_31.npy,21,,False,False,,False,False,,False,False,,False,False,10,True,False,,False,False,1.0,True,True,1.0,True,True,1.0,True,True,,False,False,1.0,True,True,_C_C_sm/digit_1_id_31,227.0
22,XAI,1,digit_of_sm_rr/_C_C_sm/digit_1_id_125.npy,22,1.0,True,True,1.0,True,True,,False,False,1.0,True,True,10,True,False,1.0,True,True,1.0,True,True,1.0,True,True,1.0,True,True,1.0,True,True,1.0,True,True,_C_C_sm/digit_1_id_125,176.0
23,XAI,1,digit_of_sm_rr/_C_C_sm/digit_1_id_35.npy,23,,False,False,1.0,True,True,,False,False,9.0,True,False,10,True,False,,False,False,4.0,True,False,9.0,True,False,,False,False,1.0,True,True,1.0,True,True,_C_C_sm/digit_1_id_35,1.0
24,XAI,1,digit_of_sm_rr/_C_C_sm/digit_1_id_129.npy,24,,False,False,,False,False,5.0,True,False,,False,False,10,True,False,1.0,True,True,1.0,True,True,,False,False,9.0,True,False,,False,False,1.0,True,True,_C_C_sm/digit_1_id_129,75.0
25,XAI,1,digit_of_sm_rr/_C_C_sm/digit_1_id_62.npy,25,1.0,True,True,1.0,True,True,1.0,True,True,1.0,True,True,1,True,True,1.0,True,True,1.0,True,True,1.0,True,True,1.0,True,True,1.0,True,True,1.0,True,True,_C_C_sm/digit_1_id_62,467.0
26,XAI,1,digit_of_sm_rr/_C_C_sm/digit_1_id_59.npy,26,1.0,True,True,1.0,True,True,1.0,True,True,1.0,True,True,1,True,True,1.0,True,True,1.0,True,True,1.0,True,True,1.0,True,True,1.0,True,True,1.0,True,True,_C_C_sm/digit_1_id_59,110.0
27,XAI,1,digit_of_sm_rr/_C_C_sm/digit_1_id_146.npy,27,1.0,True,True,1.0,True,True,1.0,True,True,1.0,True,True,10,True,False,1.0,True,True,1.0,True,True,1.0,True,True,1.0,True,True,1.0,True,True,1.0,True,True,_C_C_sm/digit_1_id_146,105.0
28,XAI,1,digit_of_sm_rr/_C_C_sm/digit_1_id_11.npy,28,1.0,True,True,1.0,True,True,1.0,True,True,1.0,True,True,10,True,False,1.0,True,True,1.0,True,True,1.0,True,True,1.0,True,True,1.0,True,True,1.0,True,True,_C_C_sm/digit_1_id_11,99.0
29,XAI,1,digit_of_sm_rr/_C_C_sm/digit_1_id_156.npy,29,1.0,True,True,1.0,True,True,,False,False,5.0,True,False,10,True,False,1.0,True,True,1.0,True,True,1.0,True,True,1.0,True,True,1.0,True,True,1.0,True,True,_C_C_sm/digit_1_id_156,34.0
30,XAI,1,digit_of_sm_rr/_C_C_sm/digit_1_id_47.npy,30,1.0,True,True,1.0,True,True,1.0,True,True,1.0,True,True,1,True,True,1.0,True,True,1.0,True,True,1.0,True,True,1.0,True,True,1.0,True,True,1.0,True,True,_C_C_sm/digit_1_id_47,70.0
31,XAI,1,digit_of_sm_rr/_C_C_sm/digit_1_id_53.npy,31,1.0,True,True,1.0,True,True,1.0,True,True,1.0,True,True,1,True,True,1.0,True,True,1.0,True,True,1.0,True,True,1.0,True,True,1.0,True,True,1.0,True,True,_C_C_sm/digit_1_id_53,105.0
32,XAI,1,digit_of_sm_rr/_C_C_sm/digit_1_id_178.npy,32,1.0,True,True,1.0,True,True,1.0,True,True,1.0,True,True,10,True,False,1.0,True,True,1.0,True,True,1.0,True,True,1.0,True,True,,False,False,1.0,True,True,_C_C_sm/digit_1_id_178,476.0
33,XAI,1,digit_of_sm_rr/_C_C_sm/digit_1_id_58.npy,33,,False,False,1.0,True,True,,False,False,5.0,True,False,10,True,False,1.0,True,True,1.0,True,True,1.0,True,True,,False,False,,False,False,1.0,True,True,_C_C_sm/digit_1_id_58,27.0
34,XAI,1,digit_of_sm_rr/_C_C_sm/digit_1_id_92.npy,34,1.0,True,True,1.0,True,True,5.0,True,False,5.0,True,False,10,True,False,1.0,True,True,1.0,True,True,,False,False,1.0,True,True,1.0,True,True,1.0,True,True,_C_C_sm/digit_1_id_92,38.0
35,XAI,1,digit_of_sm_rr/_C_C_sm/digit_1_id_131.npy,35,1.0,True,True,1.0,True,True,7.0,True,False,,False,False,10,True,False,1.0,True,True,1.0,True,True,1.0,True,True,1.0,True,True,1.0,True,True,1.0,True,True,_C_C_sm/digit_1_id_131,69.0
36,XAI,1,digit_of_sm_rr/_C_C_sm/digit_1_id_160.npy,36,1.0,True,True,1.0,True,True,1.0,True,True,,False,False,10,True,False,1.0,True,True,1.0,True,True,1.0,True,True,1.0,True,True,1.0,True,True,1.0,True,True,_C_C_sm/digit_1_id_160,52.0
37,XAI,1,digit_of_sm_rr/_C_C_sm/digit_1_id_60.npy,37,,False,False,1.0,True,True,,False,False,,False,False,10,True,False,1.0,True,True,1.0,True,True,6.0,True,False,1.0,True,True,,False,False,2.0,True,False,_C_C_sm/digit_1_id_60,58.0
38,XAI,1,digit_of_sm_rr/_C_C_sm/digit_1_id_128.npy,38,1.0,True,True,1.0,True,True,1.0,True,True,1.0,True,True,1,True,True,1.0,True,True,1.0,True,True,1.0,True,True,1.0,True,True,,False,False,1.0,True,True,_C_C_sm/digit_1_id_128,38.0
39,XAI,1,digit_of_sm_rr/_C_C_sm/digit_1_id_65.npy,39,1.0,True,True,1.0,True,True,1.0,True,True,,False,False,10,True,False,1.0,True,True,1.0,True,True,1.0,True,True,,False,False,1.0,True,True,1.0,True,True,_C_C_sm/digit_1_id_65,207.0
40,XAI,2,digit_of_sm_rr/_C_C_sm/digit_2_id_146.npy,40,2.0,True,True,,False,False,2.0,True,True,2.0,True,True,10,True,False,2.0,True,True,2.0,True,True,2.0,True,True,2.0,True,True,2.0,True,True,2.0,True,True,_C_C_sm/digit_2_id_146,144.0
41,XAI,2,digit_of_sm_rr/_C_C_sm/digit_2_id_33.npy,41,7.0,True,False,2.0,True,True,2.0,True,True,2.0,True,True,2,True,True,2.0,True,True,2.0,True,True,2.0,True,True,2.0,True,True,2.0,True,True,2.0,True,True,_C_C_sm/digit_2_id_33,318.0
42,XAI,2,digit_of_sm_rr/_C_C_sm/digit_2_id_151.npy,42,,False,False,,False,False,2.0,True,True,2.0,True,True,10,True,False,4.0,True,False,0.0,True,False,2.0,True,True,2.0,True,True,,False,False,2.0,True,True,_C_C_sm/digit_2_id_151,199.0
43,XAI,2,digit_of_sm_rr/_C_C_sm/digit_2_id_152.npy,43,,False,False,0.0,True,False,2.0,True,True,,False,False,10,True,False,2.0,True,True,2.0,True,True,2.0,True,True,2.0,True,True,2.0,True,True,2.0,True,True,_C_C_sm/digit_2_id_152,110.0
44,XAI,2,digit_of_sm_rr/_C_C_sm/digit_2_id_143.npy,44,,False,False,,False,False,2.0,True,True,8.0,True,False,8,True,False,2.0,True,True,8.0,True,False,,False,False,,False,False,,False,False,2.0,True,True,_C_C_sm/digit_2_id_143,140.0
45,XAI,2,digit_of_sm_rr/_C_C_sm/digit_2_id_48.npy,45,3.0,True,False,3.0,True,False,3.0,True,False,3.0,True,False,3,True,False,2.0,True,True,3.0,True,False,3.0,True,False,3.0,True,False,,False,False,3.0,True,False,_C_C_sm/digit_2_id_48,67.0
46,XAI,2,digit_of_sm_rr/_C_C_sm/digit_2_id_16.npy,46,2.0,True,True,1.0,True,False,2.0,True,True,2.0,True,True,2,True,True,1.0,True,False,2.0,True,True,2.0,True,True,2.0,True,True,2.0,True,True,2.0,True,True,_C_C_sm/digit_2_id_16,131.0
47,XAI,2,digit_of_sm_rr/_C_C_sm/digit_2_id_156.npy,47,2.0,True,True,2.0,True,True,2.0,True,True,2.0,True,True,2,True,True,2.0,True,True,2.0,True,True,2.0,True,True,2.0,True,True,2.0,True,True,2.0,True,True,_C_C_sm/digit_2_id_156,85.0
48,XAI,2,digit_of_sm_rr/_C_C_sm/digit_2_id_129.npy,48,2.0,True,True,,False,False,,False,False,2.0,True,True,10,True,False,2.0,True,True,2.0,True,True,1.0,True,False,2.0,True,True,,False,False,3.0,True,False,_C_C_sm/digit_2_id_129,588.0
49,XAI,2,digit_of_sm_rr/_C_C_sm/digit_2_id_186.npy,49,0.0,True,False,0.0,True,False,0.0,True,False,8.0,True,False,10,True,False,2.0,True,True,8.0,True,False,,False,False,0.0,True,False,2.0,True,True,2.0,True,True,_C_C_sm/digit_2_id_186,88.0
50,XAI,2,digit_of_sm_rr/_C_C_sm/digit_2_id_72.npy,50,2.0,True,True,2.0,True,True,2.0,True,True,2.0,True,True,2,True,True,2.0,True,True,2.0,True,True,7.0,True,False,2.0,True,True,2.0,True,True,2.0,True,True,_C_C_sm/digit_2_id_72,180.0
51,XAI,2,digit_of_sm_rr/_C_C_sm/digit_2_id_194.npy,51,2.0,True,True,2.0,True,True,2.0,True,True,2.0,True,True,2,True,True,2.0,True,True,2.0,True,True,2.0,True,True,2.0,True,True,2.0,True,True,2.0,True,True,_C_C_sm/digit_2_id_194,196.0
52,XAI,2,digit_of_sm_rr/_C_C_sm/digit_2_id_33.npy,52,2.0,True,True,2.0,True,True,2.0,True,True,2.0,True,True,2,True,True,7.0,True,False,2.0,True,True,2.0,True,True,2.0,True,True,2.0,True,True,2.0,True,True,_C_C_sm/digit_2_id_33,318.0
53,XAI,2,digit_of_sm_rr/_C_C_sm/digit_2_id_105.npy,53,,False,False,,False,False,,False,False,2.0,True,True,10,True,False,1.0,True,False,1.0,True,False,2.0,True,True,,False,False,,False,False,1.0,True,False,_C_C_sm/digit_2_id_105,469.0
54,XAI,2,digit_of_sm_rr/_C_C_sm/digit_2_id_55.npy,54,2.0,True,True,,False,False,,False,False,2.0,True,True,10,True,False,2.0,True,True,,False,False,,False,False,2.0,True,True,,False,False,3.0,True,False,_C_C_sm/digit_2_id_55,207.0
55,XAI,2,digit_of_sm_rr/_C_C_sm/digit_2_id_88.npy,55,1.0,True,False,,False,False,1.0,True,False,1.0,True,False,10,True,False,1.0,True,False,1.0,True,False,1.0,True,False,1.0,True,False,1.0,True,False,1.0,True,False,_C_C_sm/digit_2_id_88,656.0
56,XAI,2,digit_of_sm_rr/_C_C_sm/digit_2_id_173.npy,56,,False,False,0.0,True,False,8.0,True,False,8.0,True,False,10,True,False,2.0,True,True,9.0,True,False,2.0,True,True,,False,False,,False,False,2.0,True,True,_C_C_sm/digit_2_id_173,287.0
57,XAI,2,digit_of_sm_rr/_C_C_sm/digit_2_id_187.npy,57,,False,False,,False,False,1.0,True,False,2.0,True,True,10,True,False,1.0,True,False,,False,False,,False,False,2.0,True,True,,False,False,1.0,True,False,_C_C_sm/digit_2_id_187,163.0
58,XAI,2,digit_of_sm_rr/_C_C_sm/digit_2_id_163.npy,58,2.0,True,True,2.0,True,True,2.0,True,True,2.0,True,True,2,True,True,2.0,True,True,7.0,True,False,2.0,True,True,2.0,True,True,,False,False,2.0,True,True,_C_C_sm/digit_2_id_163,91.0
59,XAI,2,digit_of_sm_rr/_C_C_sm/digit_2_id_120.npy,59,,False,False,,False,False,,False,False,,False,False,10,True,False,0.0,True,False,4.0,True,False,,False,False,,False,False,,False,False,,False,False,_C_C_sm/digit_2_id_120,62.0
60,XAI,3,digit_of_sm_rr/_C_C_sm/digit_3_id_105.npy,60,3.0,True,True,3.0,True,True,7.0,True,False,9.0,True,False,10,True,False,9.0,True,False,9.0,True,False,9.0,True,False,9.0,True,False,,False,False,3.0,True,True,_C_C_sm/digit_3_id_105,183.0
61,XAI,3,digit_of_sm_rr/_C_C_sm/digit_3_id_196.npy,61,3.0,True,True,3.0,True,True,8.0,True,False,3.0,True,True,3,True,True,8.0,True,False,3.0,True,True,3.0,True,True,3.0,True,True,3.0,True,True,3.0,True,True,_C_C_sm/digit_3_id_196,285.0
62,XAI,3,digit_of_sm_rr/_C_C_sm/digit_3_id_0.npy,62,3.0,True,True,3.0,True,True,3.0,True,True,3.0,True,True,3,True,True,3.0,True,True,3.0,True,True,3.0,True,True,3.0,True,True,3.0,True,True,3.0,True,True,_C_C_sm/digit_3_id_0,145.0
63,XAI,3,digit_of_sm_rr/_C_C_sm/digit_3_id_78.npy,63,3.0,True,True,3.0,True,True,3.0,True,True,3.0,True,True,3,True,True,3.0,True,True,3.0,True,True,3.0,True,True,3.0,True,True,3.0,True,True,3.0,True,True,_C_C_sm/digit_3_id_78,227.0
64,XAI,3,digit_of_sm_rr/_C_C_sm/digit_3_id_82.npy,64,9.0,True,False,3.0,True,True,3.0,True,True,3.0,True,True,10,True,False,2.0,True,False,3.0,True,True,9.0,True,False,3.0,True,True,9.0,True,False,3.0,True,True,_C_C_sm/digit_3_id_82,185.0
65,XAI,3,digit_of_sm_rr/_C_C_sm/digit_3_id_134.npy,65,3.0,True,True,3.0,True,True,3.0,True,True,3.0,True,True,3,True,True,7.0,True,False,3.0,True,True,3.0,True,True,3.0,True,True,,False,False,3.0,True,True,_C_C_sm/digit_3_id_134,138.0
66,XAI,3,digit_of_sm_rr/_C_C_sm/digit_3_id_171.npy,66,3.0,True,True,3.0,True,True,3.0,True,True,3.0,True,True,10,True,False,0.0,True,False,3.0,True,True,3.0,True,True,3.0,True,True,3.0,True,True,3.0,True,True,_C_C_sm/digit_3_id_171,96.0
67,XAI,3,digit_of_sm_rr/_C_C_sm/digit_3_id_118.npy,67,3.0,True,True,3.0,True,True,3.0,True,True,3.0,True,True,3,True,True,1.0,True,False,3.0,True,True,3.0,True,True,3.0,True,True,3.0,True,True,3.0,True,True,_C_C_sm/digit_3_id_118,114.0
68,XAI,3,digit_of_sm_rr/_C_C_sm/digit_3_id_67.npy,68,3.0,True,True,3.0,True,True,3.0,True,True,2.0,True,False,10,True,False,2.0,True,False,,False,False,8.0,True,False,3.0,True,True,,False,False,3.0,True,True,_C_C_sm/digit_3_id_67,179.0
69,XAI,3,digit_of_sm_rr/_C_C_sm/digit_3_id_114.npy,69,3.0,True,True,8.0,True,False,8.0,True,False,3.0,True,True,10,True,False,8.0,True,False,8.0,True,False,8.0,True,False,3.0,True,True,8.0,True,False,8.0,True,False,_C_C_sm/digit_3_id_114,159.0
70,XAI,3,digit_of_sm_rr/_C_C_sm/digit_3_id_12.npy,70,3.0,True,True,3.0,True,True,3.0,True,True,3.0,True,True,3,True,True,3.0,True,True,3.0,True,True,3.0,True,True,3.0,True,True,3.0,True,True,3.0,True,True,_C_C_sm/digit_3_id_12,29.0
71,XAI,3,digit_of_sm_rr/_C_C_sm/digit_3_id_109.npy,71,3.0,True,True,3.0,True,True,3.0,True,True,3.0,True,True,3,True,True,3.0,True,True,3.0,True,True,3.0,True,True,3.0,True,True,3.0,True,True,3.0,True,True,_C_C_sm/digit_3_id_109,104.0
72,XAI,3,digit_of_sm_rr/_C_C_sm/digit_3_id_139.npy,72,3.0,True,True,3.0,True,True,8.0,True,False,8.0,True,False,10,True,False,3.0,True,True,3.0,True,True,8.0,True,False,3.0,True,True,3.0,True,True,3.0,True,True,_C_C_sm/digit_3_id_139,144.0
73,XAI,3,digit_of_sm_rr/_C_C_sm/digit_3_id_53.npy,73,3.0,True,True,3.0,True,True,3.0,True,True,3.0,True,True,3,True,True,2.0,True,False,3.0,True,True,3.0,True,True,3.0,True,True,3.0,True,True,3.0,True,True,_C_C_sm/digit_3_id_53,118.0
74,XAI,3,digit_of_sm_rr/_C_C_sm/digit_3_id_107.npy,74,3.0,True,True,3.0,True,True,,False,False,9.0,True,False,10,True,False,3.0,True,True,3.0,True,True,3.0,True,True,3.0,True,True,3.0,True,True,3.0,True,True,_C_C_sm/digit_3_id_107,190.0
75,XAI,3,digit_of_sm_rr/_C_C_sm/digit_3_id_114.npy,75,8.0,True,False,3.0,True,True,3.0,True,True,2.0,True,False,8,True,False,8.0,True,False,3.0,True,True,3.0,True,True,8.0,True,False,8.0,True,False,3.0,True,True,_C_C_sm/digit_3_id_114,159.0
76,XAI,3,digit_of_sm_rr/_C_C_sm/digit_3_id_140.npy,76,3.0,True,True,3.0,True,True,3.0,True,True,3.0,True,True,10,True,False,8.0,True,False,3.0,True,True,3.0,True,True,3.0,True,True,3.0,True,True,3.0,True,True,_C_C_sm/digit_3_id_140,142.0
77,XAI,3,digit_of_sm_rr/_C_C_sm/digit_3_id_23.npy,77,3.0,True,True,3.0,True,True,3.0,True,True,3.0,True,True,3,True,True,1.0,True,False,3.0,True,True,3.0,True,True,3.0,True,True,3.0,True,True,3.0,True,True,_C_C_sm/digit_3_id_23,176.0
78,XAI,3,digit_of_sm_rr/_C_C_sm/digit_3_id_85.npy,78,3.0,True,True,3.0,True,True,3.0,True,True,3.0,True,True,3,True,True,3.0,True,True,3.0,True,True,3.0,True,True,3.0,True,True,3.0,True,True,3.0,True,True,_C_C_sm/digit_3_id_85,104.0
79,XAI,3,digit_of_sm_rr/_C_C_sm/digit_3_id_58.npy,79,3.0,True,True,3.0,True,True,3.0,True,True,3.0,True,True,3,True,True,3.0,True,True,3.0,True,True,3.0,True,True,3.0,True,True,3.0,True,True,3.0,True,True,_C_C_sm/digit_3_id_58,169.0
80,XAI,4,digit_of_sm_rr/_C_C_sm/digit_4_id_48.npy,80,9.0,True,False,4.0,True,True,4.0,True,True,4.0,True,True,10,True,False,7.0,True,False,4.0,True,True,4.0,True,True,,False,False,1.0,True,False,4.0,True,True,_C_C_sm/digit_4_id_48,83.0
81,XAI,4,digit_of_sm_rr/_C_C_sm/digit_4_id_16.npy,81,4.0,True,True,,False,False,1.0,True,False,,False,False,10,True,False,1.0,True,False,1.0,True,False,1.0,True,False,,False,False,,False,False,4.0,True,True,_C_C_sm/digit_4_id_16,64.0
82,XAI,4,digit_of_sm_rr/_C_C_sm/digit_4_id_102.npy,82,,False,False,,False,False,2.0,True,False,7.0,True,False,10,True,False,4.0,True,True,4.0,True,True,8.0,True,False,2.0,True,False,,False,False,2.0,True,False,_C_C_sm/digit_4_id_102,149.0
83,XAI,4,digit_of_sm_rr/_C_C_sm/digit_4_id_2.npy,83,4.0,True,True,4.0,True,True,4.0,True,True,4.0,True,True,4,True,True,4.0,True,True,4.0,True,True,4.0,True,True,4.0,True,True,4.0,True,True,4.0,True,True,_C_C_sm/digit_4_id_2,45.0
84,XAI,4,digit_of_sm_rr/_C_C_sm/digit_4_id_68.npy,84,,False,False,9.0,True,False,,False,False,4.0,True,True,10,True,False,1.0,True,False,,False,False,9.0,True,False,1.0,True,False,1.0,True,False,1.0,True,False,_C_C_sm/digit_4_id_68,177.0
85,XAI,4,digit_of_sm_rr/_C_C_sm/digit_4_id_62.npy,85,4.0,True,True,4.0,True,True,4.0,True,True,4.0,True,True,4,True,True,4.0,True,True,4.0,True,True,4.0,True,True,,False,False,4.0,True,True,4.0,True,True,_C_C_sm/digit_4_id_62,37.0
86,XAI,4,digit_of_sm_rr/_C_C_sm/digit_4_id_45.npy,86,7.0,True,False,4.0,True,True,,False,False,,False,False,10,True,False,1.0,True,False,4.0,True,True,9.0,True,False,4.0,True,True,,False,False,4.0,True,True,_C_C_sm/digit_4_id_45,79.0
87,XAI,4,digit_of_sm_rr/_C_C_sm/digit_4_id_93.npy,87,4.0,True,True,4.0,True,True,4.0,True,True,4.0,True,True,4,True,True,4.0,True,True,4.0,True,True,4.0,True,True,4.0,True,True,4.0,True,True,4.0,True,True,_C_C_sm/digit_4_id_93,127.0
88,XAI,4,digit_of_sm_rr/_C_C_sm/digit_4_id_164.npy,88,9.0,True,False,9.0,True,False,7.0,True,False,4.0,True,True,10,True,False,4.0,True,True,4.0,True,True,4.0,True,True,9.0,True,False,,False,False,9.0,True,False,_C_C_sm/digit_4_id_164,102.0
89,XAI,4,digit_of_sm_rr/_C_C_sm/digit_4_id_186.npy,89,7.0,True,False,7.0,True,False,7.0,True,False,4.0,True,True,10,True,False,4.0,True,True,4.0,True,True,4.0,True,True,4.0,True,True,7.0,True,False,7.0,True,False,_C_C_sm/digit_4_id_186,137.0
90,XAI,4,digit_of_sm_rr/_C_C_sm/digit_4_id_165.npy,90,7.0,True,False,7.0,True,False,4.0,True,True,4.0,True,True,10,True,False,4.0,True,True,4.0,True,True,4.0,True,True,4.0,True,True,4.0,True,True,4.0,True,True,_C_C_sm/digit_4_id_165,161.0
91,XAI,4,digit_of_sm_rr/_C_C_sm/digit_4_id_47.npy,91,6.0,True,False,6.0,True,False,,False,False,9.0,True,False,10,True,False,,False,False,6.0,True,False,,False,False,1.0,True,False,,False,False,6.0,True,False,_C_C_sm/digit_4_id_47,226.0
92,XAI,4,digit_of_sm_rr/_C_C_sm/digit_4_id_54.npy,92,4.0,True,True,,False,False,,False,False,4.0,True,True,10,True,False,2.0,True,False,1.0,True,False,4.0,True,True,9.0,True,False,,False,False,4.0,True,True,_C_C_sm/digit_4_id_54,152.0
93,XAI,4,digit_of_sm_rr/_C_C_sm/digit_4_id_39.npy,93,4.0,True,True,4.0,True,True,4.0,True,True,4.0,True,True,10,True,False,4.0,True,True,4.0,True,True,4.0,True,True,4.0,True,True,4.0,True,True,4.0,True,True,_C_C_sm/digit_4_id_39,116.0
94,XAI,4,digit_of_sm_rr/_C_C_sm/digit_4_id_3.npy,94,0.0,True,False,0.0,True,False,4.0,True,True,9.0,True,False,10,True,False,4.0,True,True,0.0,True,False,4.0,True,True,4.0,True,True,,False,False,4.0,True,True,_C_C_sm/digit_4_id_3,51.0
95,XAI,4,digit_of_sm_rr/_C_C_sm/digit_4_id_45.npy,95,,False,False,4.0,True,True,2.0,True,False,9.0,True,False,10,True,False,1.0,True,False,4.0,True,True,4.0,True,True,4.0,True,True,,False,False,4.0,True,True,_C_C_sm/digit_4_id_45,79.0
96,XAI,4,digit_of_sm_rr/_C_C_sm/digit_4_id_25.npy,96,9.0,True,False,4.0,True,True,4.0,True,True,4.0,True,True,4,True,True,4.0,True,True,4.0,True,True,4.0,True,True,4.0,True,True,4.0,True,True,4.0,True,True,_C_C_sm/digit_4_id_25,118.0
97,XAI,4,digit_of_sm_rr/_C_C_sm/digit_4_id_192.npy,97,9.0,True,False,9.0,True,False,3.0,True,False,9.0,True,False,10,True,False,7.0,True,False,9.0,True,False,9.0,True,False,9.0,True,False,3.0,True,False,9.0,True,False,_C_C_sm/digit_4_id_192,78.0
98,XAI,4,digit_of_sm_rr/_C_C_sm/digit_4_id_132.npy,98,,False,False,,False,False,,False,False,,False,False,10,True,False,1.0,True,False,1.0,True,False,,False,False,1.0,True,False,,False,False,4.0,True,True,_C_C_sm/digit_4_id_132,282.0
99,XAI,4,digit_of_sm_rr/_C_C_sm/digit_4_id_103.npy,99,,False,False,,False,False,,False,False,,False,False,10,True,False,8.0,True,False,,False,False,1.0,True,False,1.0,True,False,,False,False,,False,False,_C_C_sm/digit_4_id_103,268.0
100,XAI,5,digit_of_sm_rr/_C_C_sm/digit_5_id_97.npy,100,5.0,True,True,5.0,True,True,5.0,True,True,5.0,True,True,5,True,True,5.0,True,True,5.0,True,True,5.0,True,True,5.0,True,True,5.0,True,True,5.0,True,True,_C_C_sm/digit_5_id_97,40.0
101,XAI,5,digit_of_sm_rr/_C_C_sm/digit_5_id_82.npy,101,5.0,True,True,5.0,True,True,5.0,True,True,5.0,True,True,5,True,True,5.0,True,True,5.0,True,True,5.0,True,True,5.0,True,True,5.0,True,True,5.0,True,True,_C_C_sm/digit_5_id_82,87.0
102,XAI,5,digit_of_sm_rr/_C_C_sm/digit_5_id_66.npy,102,5.0,True,True,5.0,True,True,5.0,True,True,5.0,True,True,5,True,True,5.0,True,True,5.0,True,True,9.0,True,False,5.0,True,True,5.0,True,True,5.0,True,True,_C_C_sm/digit_5_id_66,65.0
103,XAI,5,digit_of_sm_rr/_C_C_sm/digit_5_id_175.npy,103,5.0,True,True,5.0,True,True,5.0,True,True,5.0,True,True,5,True,True,5.0,True,True,5.0,True,True,5.0,True,True,5.0,True,True,5.0,True,True,5.0,True,True,_C_C_sm/digit_5_id_175,99.0
104,XAI,5,digit_of_sm_rr/_C_C_sm/digit_5_id_168.npy,104,5.0,True,True,5.0,True,True,,False,False,5.0,True,True,5,True,True,5.0,True,True,5.0,True,True,,False,False,,False,False,,False,False,3.0,True,False,_C_C_sm/digit_5_id_168,90.0
105,XAI,5,digit_of_sm_rr/_C_C_sm/digit_5_id_186.npy,105,5.0,True,True,5.0,True,True,5.0,True,True,5.0,True,True,5,True,True,8.0,True,False,5.0,True,True,9.0,True,False,5.0,True,True,,False,False,9.0,True,False,_C_C_sm/digit_5_id_186,52.0
106,XAI,5,digit_of_sm_rr/_C_C_sm/digit_5_id_25.npy,106,5.0,True,True,5.0,True,True,5.0,True,True,5.0,True,True,5,True,True,5.0,True,True,5.0,True,True,5.0,True,True,5.0,True,True,5.0,True,True,5.0,True,True,_C_C_sm/digit_5_id_25,150.0
107,XAI,5,digit_of_sm_rr/_C_C_sm/digit_5_id_102.npy,107,5.0,True,True,5.0,True,True,5.0,True,True,5.0,True,True,5,True,True,5.0,True,True,5.0,True,True,5.0,True,True,5.0,True,True,5.0,True,True,5.0,True,True,_C_C_sm/digit_5_id_102,40.0
108,XAI,5,digit_of_sm_rr/_C_C_sm/digit_5_id_165.npy,108,5.0,True,True,5.0,True,True,5.0,True,True,5.0,True,True,5,True,True,5.0,True,True,5.0,True,True,5.0,True,True,5.0,True,True,5.0,True,True,5.0,True,True,_C_C_sm/digit_5_id_165,116.0
109,XAI,5,digit_of_sm_rr/_C_C_sm/digit_5_id_0.npy,109,5.0,True,True,0.0,True,False,6.0,True,False,8.0,True,False,5,True,True,,False,False,8.0,True,False,8.0,True,False,9.0,True,False,9.0,True,False,9.0,True,False,_C_C_sm/digit_5_id_0,130.0
110,XAI,5,digit_of_sm_rr/_C_C_sm/digit_5_id_54.npy,110,3.0,True,False,3.0,True,False,,False,False,,False,False,10,True,False,4.0,True,False,,False,False,,False,False,,False,False,,False,False,3.0,True,False,_C_C_sm/digit_5_id_54,196.0
111,XAI,5,digit_of_sm_rr/_C_C_sm/digit_5_id_115.npy,111,5.0,True,True,5.0,True,True,5.0,True,True,5.0,True,True,5,True,True,5.0,True,True,5.0,True,True,5.0,True,True,5.0,True,True,5.0,True,True,3.0,True,False,_C_C_sm/digit_5_id_115,70.0
112,XAI,5,digit_of_sm_rr/_C_C_sm/digit_5_id_31.npy,112,5.0,True,True,5.0,True,True,5.0,True,True,5.0,True,True,5,True,True,5.0,True,True,5.0,True,True,5.0,True,True,5.0,True,True,5.0,True,True,5.0,True,True,_C_C_sm/digit_5_id_31,81.0
113,XAI,5,digit_of_sm_rr/_C_C_sm/digit_5_id_101.npy,113,5.0,True,True,5.0,True,True,5.0,True,True,5.0,True,True,5,True,True,5.0,True,True,5.0,True,True,5.0,True,True,5.0,True,True,5.0,True,True,5.0,True,True,_C_C_sm/digit_5_id_101,52.0
114,XAI,5,digit_of_sm_rr/_C_C_sm/digit_5_id_191.npy,114,5.0,True,True,5.0,True,True,5.0,True,True,5.0,True,True,5,True,True,5.0,True,True,5.0,True,True,5.0,True,True,5.0,True,True,5.0,True,True,5.0,True,True,_C_C_sm/digit_5_id_191,24.0
115,XAI,5,digit_of_sm_rr/_C_C_sm/digit_5_id_161.npy,115,5.0,True,True,5.0,True,True,5.0,True,True,5.0,True,True,5,True,True,5.0,True,True,5.0,True,True,5.0,True,True,5.0,True,True,5.0,True,True,5.0,True,True,_C_C_sm/digit_5_id_161,98.0
116,XAI,5,digit_of_sm_rr/_C_C_sm/digit_5_id_140.npy,116,5.0,True,True,8.0,True,False,5.0,True,True,5.0,True,True,10,True,False,8.0,True,False,8.0,True,False,8.0,True,False,3.0,True,False,8.0,True,False,8.0,True,False,_C_C_sm/digit_5_id_140,70.0
117,XAI,5,digit_of_sm_rr/_C_C_sm/digit_5_id_194.npy,117,5.0,True,True,5.0,True,True,5.0,True,True,5.0,True,True,5,True,True,5.0,True,True,5.0,True,True,5.0,True,True,5.0,True,True,5.0,True,True,5.0,True,True,_C_C_sm/digit_5_id_194,47.0
118,XAI,5,digit_of_sm_rr/_C_C_sm/digit_5_id_101.npy,118,5.0,True,True,5.0,True,True,5.0,True,True,5.0,True,True,5,True,True,5.0,True,True,5.0,True,True,5.0,True,True,5.0,True,True,5.0,True,True,5.0,True,True,_C_C_sm/digit_5_id_101,52.0
119,XAI,5,digit_of_sm_rr/_C_C_sm/digit_5_id_124.npy,119,5.0,True,True,5.0,True,True,5.0,True,True,5.0,True,True,10,True,False,5.0,True,True,5.0,True,True,9.0,True,False,5.0,True,True,9.0,True,False,9.0,True,False,_C_C_sm/digit_5_id_124,146.0
120,XAI,6,digit_of_sm_rr/_C_C_sm/digit_6_id_132.npy,120,5.0,True,False,,False,False,,False,False,5.0,True,False,10,True,False,,False,False,4.0,True,False,,False,False,,False,False,,False,False,4.0,True,False,_C_C_sm/digit_6_id_132,79.0
121,XAI,6,digit_of_sm_rr/_C_C_sm/digit_6_id_161.npy,121,6.0,True,True,6.0,True,True,6.0,True,True,6.0,True,True,5,True,False,6.0,True,True,6.0,True,True,6.0,True,True,6.0,True,True,6.0,True,True,6.0,True,True,_C_C_sm/digit_6_id_161,116.0
122,XAI,6,digit_of_sm_rr/_C_C_sm/digit_6_id_35.npy,122,5.0,True,False,5.0,True,False,5.0,True,False,5.0,True,False,5,True,False,6.0,True,True,5.0,True,False,5.0,True,False,5.0,True,False,5.0,True,False,5.0,True,False,_C_C_sm/digit_6_id_35,26.0
123,XAI,6,digit_of_sm_rr/_C_C_sm/digit_6_id_65.npy,123,,False,False,6.0,True,True,4.0,True,False,6.0,True,True,10,True,False,6.0,True,True,4.0,True,False,6.0,True,True,6.0,True,True,6.0,True,True,4.0,True,False,_C_C_sm/digit_6_id_65,197.0
124,XAI,6,digit_of_sm_rr/_C_C_sm/digit_6_id_41.npy,124,6.0,True,True,6.0,True,True,6.0,True,True,6.0,True,True,6,True,True,6.0,True,True,6.0,True,True,6.0,True,True,6.0,True,True,6.0,True,True,6.0,True,True,_C_C_sm/digit_6_id_41,61.0
125,XAI,6,digit_of_sm_rr/_C_C_sm/digit_6_id_191.npy,125,6.0,True,True,6.0,True,True,,False,False,6.0,True,True,10,True,False,4.0,True,False,,False,False,6.0,True,True,8.0,True,False,,False,False,,False,False,_C_C_sm/digit_6_id_191,132.0
126,XAI,6,digit_of_sm_rr/_C_C_sm/digit_6_id_87.npy,126,6.0,True,True,6.0,True,True,6.0,True,True,6.0,True,True,6,True,True,4.0,True,False,4.0,True,False,6.0,True,True,6.0,True,True,4.0,True,False,4.0,True,False,_C_C_sm/digit_6_id_87,158.0
127,XAI,6,digit_of_sm_rr/_C_C_sm/digit_6_id_146.npy,127,,False,False,,False,False,,False,False,,False,False,10,True,False,2.0,True,False,0.0,True,False,,False,False,,False,False,,False,False,,False,False,_C_C_sm/digit_6_id_146,195.0
128,XAI,6,digit_of_sm_rr/_C_C_sm/digit_6_id_112.npy,128,5.0,True,False,5.0,True,False,6.0,True,True,5.0,True,False,5,True,False,5.0,True,False,6.0,True,True,6.0,True,True,5.0,True,False,,False,False,6.0,True,True,_C_C_sm/digit_6_id_112,140.0
129,XAI,6,digit_of_sm_rr/_C_C_sm/digit_6_id_72.npy,129,6.0,True,True,6.0,True,True,6.0,True,True,6.0,True,True,10,True,False,6.0,True,True,6.0,True,True,6.0,True,True,6.0,True,True,6.0,True,True,6.0,True,True,_C_C_sm/digit_6_id_72,98.0
130,XAI,6,digit_of_sm_rr/_C_C_sm/digit_6_id_42.npy,130,6.0,True,True,6.0,True,True,6.0,True,True,6.0,True,True,6,True,True,6.0,True,True,6.0,True,True,6.0,True,True,6.0,True,True,6.0,True,True,6.0,True,True,_C_C_sm/digit_6_id_42,146.0
131,XAI,6,digit_of_sm_rr/_C_C_sm/digit_6_id_170.npy,131,,False,False,6.0,True,True,,False,False,5.0,True,False,10,True,False,4.0,True,False,,False,False,6.0,True,True,,False,False,,False,False,,False,False,_C_C_sm/digit_6_id_170,184.0
132,XAI,6,digit_of_sm_rr/_C_C_sm/digit_6_id_88.npy,132,6.0,True,True,6.0,True,True,5.0,True,False,6.0,True,True,6,True,True,6.0,True,True,6.0,True,True,6.0,True,True,6.0,True,True,6.0,True,True,6.0,True,True,_C_C_sm/digit_6_id_88,41.0
133,XAI,6,digit_of_sm_rr/_C_C_sm/digit_6_id_68.npy,133,6.0,True,True,6.0,True,True,8.0,True,False,6.0,True,True,10,True,False,6.0,True,True,6.0,True,True,6.0,True,True,6.0,True,True,6.0,True,True,6.0,True,True,_C_C_sm/digit_6_id_68,43.0
134,XAI,6,digit_of_sm_rr/_C_C_sm/digit_6_id_180.npy,134,6.0,True,True,6.0,True,True,6.0,True,True,6.0,True,True,6,True,True,6.0,True,True,6.0,True,True,6.0,True,True,,False,False,6.0,True,True,6.0,True,True,_C_C_sm/digit_6_id_180,76.0
135,XAI,6,digit_of_sm_rr/_C_C_sm/digit_6_id_116.npy,135,6.0,True,True,6.0,True,True,5.0,True,False,5.0,True,False,6,True,True,6.0,True,True,6.0,True,True,6.0,True,True,6.0,True,True,6.0,True,True,6.0,True,True,_C_C_sm/digit_6_id_116,223.0
136,XAI,6,digit_of_sm_rr/_C_C_sm/digit_6_id_109.npy,136,6.0,True,True,6.0,True,True,6.0,True,True,5.0,True,False,6,True,True,4.0,True,False,4.0,True,False,6.0,True,True,6.0,True,True,4.0,True,False,4.0,True,False,_C_C_sm/digit_6_id_109,33.0
137,XAI,6,digit_of_sm_rr/_C_C_sm/digit_6_id_156.npy,137,5.0,True,False,5.0,True,False,5.0,True,False,5.0,True,False,5,True,False,5.0,True,False,5.0,True,False,5.0,True,False,5.0,True,False,5.0,True,False,5.0,True,False,_C_C_sm/digit_6_id_156,196.0
138,XAI,6,digit_of_sm_rr/_C_C_sm/digit_6_id_61.npy,138,5.0,True,False,5.0,True,False,6.0,True,True,5.0,True,False,5,True,False,4.0,True,False,6.0,True,True,6.0,True,True,,False,False,3.0,True,False,3.0,True,False,_C_C_sm/digit_6_id_61,164.0
139,XAI,6,digit_of_sm_rr/_C_C_sm/digit_6_id_158.npy,139,5.0,True,False,6.0,True,True,6.0,True,True,5.0,True,False,6,True,True,6.0,True,True,6.0,True,True,6.0,True,True,6.0,True,True,6.0,True,True,6.0,True,True,_C_C_sm/digit_6_id_158,208.0
140,XAI,7,digit_of_sm_rr/_C_C_sm/digit_7_id_63.npy,140,,False,False,,False,False,1.0,True,False,,False,False,10,True,False,2.0,True,False,1.0,True,False,,False,False,2.0,True,False,,False,False,,False,False,_C_C_sm/digit_7_id_63,509.0
141,XAI,7,digit_of_sm_rr/_C_C_sm/digit_7_id_100.npy,141,3.0,True,False,3.0,True,False,3.0,True,False,3.0,True,False,3,True,False,3.0,True,False,3.0,True,False,1.0,True,False,3.0,True,False,3.0,True,False,3.0,True,False,_C_C_sm/digit_7_id_100,202.0
142,XAI,7,digit_of_sm_rr/_C_C_sm/digit_7_id_126.npy,142,,False,False,,False,False,7.0,True,True,2.0,True,False,10,True,False,0.0,True,False,7.0,True,True,,False,False,2.0,True,False,,False,False,7.0,True,True,_C_C_sm/digit_7_id_126,197.0
143,XAI,7,digit_of_sm_rr/_C_C_sm/digit_7_id_141.npy,143,,False,False,,False,False,1.0,True,False,1.0,True,False,10,True,False,2.0,True,False,1.0,True,False,1.0,True,False,1.0,True,False,,False,False,1.0,True,False,_C_C_sm/digit_7_id_141,241.0
144,XAI,7,digit_of_sm_rr/_C_C_sm/digit_7_id_169.npy,144,3.0,True,False,3.0,True,False,3.0,True,False,3.0,True,False,10,True,False,3.0,True,False,3.0,True,False,3.0,True,False,1.0,True,False,3.0,True,False,3.0,True,False,_C_C_sm/digit_7_id_169,129.0
145,XAI,7,digit_of_sm_rr/_C_C_sm/digit_7_id_17.npy,145,,False,False,,False,False,,False,False,,False,False,10,True,False,1.0,True,False,3.0,True,False,7.0,True,True,1.0,True,False,,False,False,7.0,True,True,_C_C_sm/digit_7_id_17,255.0
146,XAI,7,digit_of_sm_rr/_C_C_sm/digit_7_id_36.npy,146,7.0,True,True,7.0,True,True,7.0,True,True,7.0,True,True,7,True,True,7.0,True,True,7.0,True,True,7.0,True,True,7.0,True,True,2.0,True,False,7.0,True,True,_C_C_sm/digit_7_id_36,39.0
147,XAI,7,digit_of_sm_rr/_C_C_sm/digit_7_id_73.npy,147,,False,False,1.0,True,False,7.0,True,True,7.0,True,True,10,True,False,2.0,True,False,7.0,True,True,7.0,True,True,,False,False,7.0,True,True,3.0,True,False,_C_C_sm/digit_7_id_73,152.0
148,XAI,7,digit_of_sm_rr/_C_C_sm/digit_7_id_180.npy,148,7.0,True,True,1.0,True,False,1.0,True,False,7.0,True,True,10,True,False,1.0,True,False,1.0,True,False,1.0,True,False,1.0,True,False,,False,False,1.0,True,False,_C_C_sm/digit_7_id_180,854.0
149,XAI,7,digit_of_sm_rr/_C_C_sm/digit_7_id_98.npy,149,,False,False,,False,False,1.0,True,False,9.0,True,False,10,True,False,1.0,True,False,3.0,True,False,,False,False,1.0,True,False,,False,False,3.0,True,False,_C_C_sm/digit_7_id_98,292.0
150,XAI,7,digit_of_sm_rr/_C_C_sm/digit_7_id_98.npy,150,,False,False,,False,False,,False,False,,False,False,10,True,False,,False,False,1.0,True,False,,False,False,,False,False,,False,False,3.0,True,False,_C_C_sm/digit_7_id_98,292.0
151,XAI,7,digit_of_sm_rr/_C_C_sm/digit_7_id_49.npy,151,7.0,True,True,7.0,True,True,7.0,True,True,7.0,True,True,2,True,False,7.0,True,True,7.0,True,True,7.0,True,True,7.0,True,True,1.0,True,False,2.0,True,False,_C_C_sm/digit_7_id_49,222.0
152,XAI,7,digit_of_sm_rr/_C_C_sm/digit_7_id_179.npy,152,,False,False,,False,False,1.0,True,False,,False,False,10,True,False,,False,False,1.0,True,False,,False,False,2.0,True,False,,False,False,,False,False,_C_C_sm/digit_7_id_179,605.0
153,XAI,7,digit_of_sm_rr/_C_C_sm/digit_7_id_158.npy,153,,False,False,1.0,True,False,1.0,True,False,7.0,True,True,10,True,False,1.0,True,False,1.0,True,False,1.0,True,False,1.0,True,False,1.0,True,False,1.0,True,False,_C_C_sm/digit_7_id_158,248.0
154,XAI,7,digit_of_sm_rr/_C_C_sm/digit_7_id_71.npy,154,1.0,True,False,1.0,True,False,,False,False,1.0,True,False,10,True,False,2.0,True,False,1.0,True,False,1.0,True,False,1.0,True,False,,False,False,1.0,True,False,_C_C_sm/digit_7_id_71,346.0
155,XAI,7,digit_of_sm_rr/_C_C_sm/digit_7_id_151.npy,155,,False,False,3.0,True,False,3.0,True,False,,False,False,10,True,False,1.0,True,False,1.0,True,False,1.0,True,False,,False,False,,False,False,3.0,True,False,_C_C_sm/digit_7_id_151,335.0
156,XAI,7,digit_of_sm_rr/_C_C_sm/digit_7_id_70.npy,156,7.0,True,True,7.0,True,True,7.0,True,True,7.0,True,True,7,True,True,1.0,True,False,7.0,True,True,7.0,True,True,7.0,True,True,2.0,True,False,2.0,True,False,_C_C_sm/digit_7_id_70,73.0
157,XAI,7,digit_of_sm_rr/_C_C_sm/digit_7_id_149.npy,157,,False,False,,False,False,,False,False,,False,False,10,True,False,1.0,True,False,1.0,True,False,1.0,True,False,1.0,True,False,,False,False,1.0,True,False,_C_C_sm/digit_7_id_149,452.0
158,XAI,7,digit_of_sm_rr/_C_C_sm/digit_7_id_35.npy,158,7.0,True,True,7.0,True,True,,False,False,7.0,True,True,10,True,False,7.0,True,True,7.0,True,True,1.0,True,False,7.0,True,True,,False,False,7.0,True,True,_C_C_sm/digit_7_id_35,384.0
159,XAI,7,digit_of_sm_rr/_C_C_sm/digit_7_id_154.npy,159,7.0,True,True,7.0,True,True,7.0,True,True,7.0,True,True,7,True,True,7.0,True,True,7.0,True,True,7.0,True,True,1.0,True,False,7.0,True,True,7.0,True,True,_C_C_sm/digit_7_id_154,214.0
160,XAI,8,digit_of_sm_rr/_C_C_sm/digit_8_id_100.npy,160,8.0,True,True,8.0,True,True,8.0,True,True,8.0,True,True,8,True,True,8.0,True,True,8.0,True,True,8.0,True,True,8.0,True,True,8.0,True,True,8.0,True,True,_C_C_sm/digit_8_id_100,139.0
161,XAI,8,digit_of_sm_rr/_C_C_sm/digit_8_id_73.npy,161,8.0,True,True,8.0,True,True,8.0,True,True,8.0,True,True,8,True,True,8.0,True,True,8.0,True,True,8.0,True,True,8.0,True,True,8.0,True,True,8.0,True,True,_C_C_sm/digit_8_id_73,117.0
162,XAI,8,digit_of_sm_rr/_C_C_sm/digit_8_id_148.npy,162,8.0,True,True,8.0,True,True,8.0,True,True,8.0,True,True,8,True,True,8.0,True,True,8.0,True,True,8.0,True,True,3.0,True,False,8.0,True,True,8.0,True,True,_C_C_sm/digit_8_id_148,30.0
163,XAI,8,digit_of_sm_rr/_C_C_sm/digit_8_id_37.npy,163,8.0,True,True,8.0,True,True,8.0,True,True,8.0,True,True,8,True,True,8.0,True,True,8.0,True,True,8.0,True,True,8.0,True,True,8.0,True,True,8.0,True,True,_C_C_sm/digit_8_id_37,32.0
164,XAI,8,digit_of_sm_rr/_C_C_sm/digit_8_id_39.npy,164,8.0,True,True,8.0,True,True,8.0,True,True,8.0,True,True,8,True,True,8.0,True,True,8.0,True,True,8.0,True,True,8.0,True,True,8.0,True,True,8.0,True,True,_C_C_sm/digit_8_id_39,1.0
165,XAI,8,digit_of_sm_rr/_C_C_sm/digit_8_id_192.npy,165,7.0,True,False,8.0,True,True,8.0,True,True,8.0,True,True,10,True,False,8.0,True,True,8.0,True,True,8.0,True,True,,False,False,8.0,True,True,8.0,True,True,_C_C_sm/digit_8_id_192,100.0
166,XAI,8,digit_of_sm_rr/_C_C_sm/digit_8_id_3.npy,166,8.0,True,True,8.0,True,True,8.0,True,True,8.0,True,True,8,True,True,8.0,True,True,8.0,True,True,8.0,True,True,8.0,True,True,8.0,True,True,8.0,True,True,_C_C_sm/digit_8_id_3,54.0
167,XAI,8,digit_of_sm_rr/_C_C_sm/digit_8_id_187.npy,167,8.0,True,True,8.0,True,True,8.0,True,True,8.0,True,True,8,True,True,8.0,True,True,8.0,True,True,8.0,True,True,8.0,True,True,8.0,True,True,8.0,True,True,_C_C_sm/digit_8_id_187,79.0
168,XAI,8,digit_of_sm_rr/_C_C_sm/digit_8_id_60.npy,168,8.0,True,True,8.0,True,True,8.0,True,True,8.0,True,True,8,True,True,8.0,True,True,8.0,True,True,8.0,True,True,8.0,True,True,8.0,True,True,8.0,True,True,_C_C_sm/digit_8_id_60,24.0
169,XAI,8,digit_of_sm_rr/_C_C_sm/digit_8_id_178.npy,169,8.0,True,True,8.0,True,True,8.0,True,True,8.0,True,True,8,True,True,8.0,True,True,8.0,True,True,8.0,True,True,8.0,True,True,8.0,True,True,8.0,True,True,_C_C_sm/digit_8_id_178,101.0
170,XAI,8,digit_of_sm_rr/_C_C_sm/digit_8_id_177.npy,170,8.0,True,True,8.0,True,True,8.0,True,True,8.0,True,True,8,True,True,8.0,True,True,8.0,True,True,8.0,True,True,2.0,True,False,8.0,True,True,8.0,True,True,_C_C_sm/digit_8_id_177,195.0
171,XAI,8,digit_of_sm_rr/_C_C_sm/digit_8_id_59.npy,171,8.0,True,True,8.0,True,True,8.0,True,True,8.0,True,True,8,True,True,8.0,True,True,8.0,True,True,8.0,True,True,8.0,True,True,8.0,True,True,8.0,True,True,_C_C_sm/digit_8_id_59,23.0
172,XAI,8,digit_of_sm_rr/_C_C_sm/digit_8_id_9.npy,172,8.0,True,True,8.0,True,True,8.0,True,True,8.0,True,True,8,True,True,8.0,True,True,8.0,True,True,8.0,True,True,8.0,True,True,8.0,True,True,8.0,True,True,_C_C_sm/digit_8_id_9,41.0
173,XAI,8,digit_of_sm_rr/_C_C_sm/digit_8_id_22.npy,173,8.0,True,True,8.0,True,True,8.0,True,True,8.0,True,True,8,True,True,8.0,True,True,8.0,True,True,8.0,True,True,8.0,True,True,8.0,True,True,8.0,True,True,_C_C_sm/digit_8_id_22,90.0
174,XAI,8,digit_of_sm_rr/_C_C_sm/digit_8_id_13.npy,174,8.0,True,True,,False,False,,False,False,8.0,True,True,10,True,False,8.0,True,True,4.0,True,False,8.0,True,True,8.0,True,True,8.0,True,True,8.0,True,True,_C_C_sm/digit_8_id_13,68.0
175,XAI,8,digit_of_sm_rr/_C_C_sm/digit_8_id_89.npy,175,8.0,True,True,8.0,True,True,8.0,True,True,8.0,True,True,8,True,True,8.0,True,True,8.0,True,True,8.0,True,True,8.0,True,True,8.0,True,True,8.0,True,True,_C_C_sm/digit_8_id_89,68.0
176,XAI,8,digit_of_sm_rr/_C_C_sm/digit_8_id_181.npy,176,8.0,True,True,8.0,True,True,8.0,True,True,3.0,True,False,8,True,True,8.0,True,True,8.0,True,True,8.0,True,True,7.0,True,False,8.0,True,True,8.0,True,True,_C_C_sm/digit_8_id_181,217.0
177,XAI,8,digit_of_sm_rr/_C_C_sm/digit_8_id_24.npy,177,8.0,True,True,8.0,True,True,8.0,True,True,8.0,True,True,8,True,True,8.0,True,True,8.0,True,True,8.0,True,True,8.0,True,True,8.0,True,True,8.0,True,True,_C_C_sm/digit_8_id_24,34.0
178,XAI,8,digit_of_sm_rr/_C_C_sm/digit_8_id_151.npy,178,8.0,True,True,8.0,True,True,8.0,True,True,8.0,True,True,8,True,True,8.0,True,True,8.0,True,True,8.0,True,True,8.0,True,True,8.0,True,True,8.0,True,True,_C_C_sm/digit_8_id_151,156.0
179,XAI,8,digit_of_sm_rr/_C_C_sm/digit_8_id_178.npy,179,8.0,True,True,8.0,True,True,8.0,True,True,8.0,True,True,8,True,True,8.0,True,True,8.0,True,True,8.0,True,True,8.0,True,True,8.0,True,True,8.0,True,True,_C_C_sm/digit_8_id_178,101.0
180,XAI,9,digit_of_sm_rr/_C_C_sm/digit_9_id_44.npy,180,9.0,True,True,9.0,True,True,3.0,True,False,9.0,True,True,10,True,False,7.0,True,False,7.0,True,False,9.0,True,True,7.0,True,False,7.0,True,False,7.0,True,False,_C_C_sm/digit_9_id_44,87.0
181,XAI,9,digit_of_sm_rr/_C_C_sm/digit_9_id_124.npy,181,9.0,True,True,9.0,True,True,9.0,True,True,9.0,True,True,9,True,True,7.0,True,False,9.0,True,True,9.0,True,True,1.0,True,False,9.0,True,True,9.0,True,True,_C_C_sm/digit_9_id_124,136.0
182,XAI,9,digit_of_sm_rr/_C_C_sm/digit_9_id_53.npy,182,9.0,True,True,9.0,True,True,9.0,True,True,8.0,True,False,10,True,False,7.0,True,False,,False,False,9.0,True,True,9.0,True,True,9.0,True,True,9.0,True,True,_C_C_sm/digit_9_id_53,64.0
183,XAI,9,digit_of_sm_rr/_C_C_sm/digit_9_id_2.npy,183,9.0,True,True,9.0,True,True,9.0,True,True,9.0,True,True,10,True,False,1.0,True,False,1.0,True,False,9.0,True,True,9.0,True,True,9.0,True,True,9.0,True,True,_C_C_sm/digit_9_id_2,146.0
184,XAI,9,digit_of_sm_rr/_C_C_sm/digit_9_id_133.npy,184,9.0,True,True,9.0,True,True,9.0,True,True,9.0,True,True,9,True,True,9.0,True,True,9.0,True,True,9.0,True,True,9.0,True,True,9.0,True,True,9.0,True,True,_C_C_sm/digit_9_id_133,31.0
185,XAI,9,digit_of_sm_rr/_C_C_sm/digit_9_id_39.npy,185,9.0,True,True,9.0,True,True,9.0,True,True,9.0,True,True,10,True,False,3.0,True,False,3.0,True,False,9.0,True,True,9.0,True,True,9.0,True,True,9.0,True,True,_C_C_sm/digit_9_id_39,127.0
186,XAI,9,digit_of_sm_rr/_C_C_sm/digit_9_id_182.npy,186,9.0,True,True,9.0,True,True,9.0,True,True,9.0,True,True,9,True,True,9.0,True,True,9.0,True,True,9.0,True,True,7.0,True,False,9.0,True,True,9.0,True,True,_C_C_sm/digit_9_id_182,108.0
187,XAI,9,digit_of_sm_rr/_C_C_sm/digit_9_id_179.npy,187,9.0,True,True,9.0,True,True,9.0,True,True,9.0,True,True,10,True,False,9.0,True,True,9.0,True,True,9.0,True,True,9.0,True,True,9.0,True,True,9.0,True,True,_C_C_sm/digit_9_id_179,115.0
188,XAI,9,digit_of_sm_rr/_C_C_sm/digit_9_id_39.npy,188,9.0,True,True,9.0,True,True,9.0,True,True,9.0,True,True,10,True,False,7.0,True,False,9.0,True,True,9.0,True,True,9.0,True,True,9.0,True,True,9.0,True,True,_C_C_sm/digit_9_id_39,127.0
189,XAI,9,digit_of_sm_rr/_C_C_sm/digit_9_id_99.npy,189,9.0,True,True,9.0,True,True,9.0,True,True,9.0,True,True,9,True,True,9.0,True,True,9.0,True,True,9.0,True,True,7.0,True,False,9.0,True,True,9.0,True,True,_C_C_sm/digit_9_id_99,27.0
190,XAI,9,digit_of_sm_rr/_C_C_sm/digit_9_id_62.npy,190,9.0,True,True,9.0,True,True,9.0,True,True,9.0,True,True,9,True,True,9.0,True,True,9.0,True,True,9.0,True,True,9.0,True,True,9.0,True,True,9.0,True,True,_C_C_sm/digit_9_id_62,68.0
191,XAI,9,digit_of_sm_rr/_C_C_sm/digit_9_id_123.npy,191,9.0,True,True,9.0,True,True,9.0,True,True,9.0,True,True,9,True,True,9.0,True,True,9.0,True,True,9.0,True,True,9.0,True,True,9.0,True,True,9.0,True,True,_C_C_sm/digit_9_id_123,84.0
192,XAI,9,digit_of_sm_rr/_C_C_sm/digit_9_id_191.npy,192,9.0,True,True,9.0,True,True,9.0,True,True,9.0,True,True,9,True,True,9.0,True,True,9.0,True,True,9.0,True,True,9.0,True,True,9.0,True,True,9.0,True,True,_C_C_sm/digit_9_id_191,133.0
193,XAI,9,digit_of_sm_rr/_C_C_sm/digit_9_id_115.npy,193,9.0,True,True,9.0,True,True,9.0,True,True,9.0,True,True,9,True,True,9.0,True,True,9.0,True,True,9.0,True,True,9.0,True,True,9.0,True,True,9.0,True,True,_C_C_sm/digit_9_id_115,59.0
194,XAI,9,digit_of_sm_rr/_C_C_sm/digit_9_id_128.npy,194,9.0,True,True,9.0,True,True,9.0,True,True,9.0,True,True,9,True,True,9.0,True,True,9.0,True,True,9.0,True,True,9.0,True,True,9.0,True,True,9.0,True,True,_C_C_sm/digit_9_id_128,55.0
195,XAI,9,digit_of_sm_rr/_C_C_sm/digit_9_id_58.npy,195,9.0,True,True,9.0,True,True,9.0,True,True,9.0,True,True,9,True,True,9.0,True,True,0.0,True,False,9.0,True,True,9.0,True,True,9.0,True,True,9.0,True,True,_C_C_sm/digit_9_id_58,1.0
196,XAI,9,digit_of_sm_rr/_C_C_sm/digit_9_id_190.npy,196,9.0,True,True,7.0,True,False,7.0,True,False,9.0,True,True,9,True,True,7.0,True,False,9.0,True,True,7.0,True,False,7.0,True,False,7.0,True,False,7.0,True,False,_C_C_sm/digit_9_id_190,83.0
197,XAI,9,digit_of_sm_rr/_C_C_sm/digit_9_id_106.npy,197,9.0,True,True,9.0,True,True,9.0,True,True,9.0,True,True,9,True,True,9.0,True,True,9.0,True,True,9.0,True,True,9.0,True,True,9.0,True,True,9.0,True,True,_C_C_sm/digit_9_id_106,39.0
198,XAI,9,digit_of_sm_rr/_C_C_sm/digit_9_id_3.npy,198,9.0,True,True,9.0,True,True,8.0,True,False,9.0,True,True,9,True,True,7.0,True,False,9.0,True,True,9.0,True,True,9.0,True,True,9.0,True,True,9.0,True,True,_C_C_sm/digit_9_id_3,91.0
199,XAI,9,digit_of_sm_rr/_C_C_sm/digit_9_id_69.npy,199,9.0,True,True,9.0,True,True,9.0,True,True,9.0,True,True,9,True,True,9.0,True,True,9.0,True,True,9.0,True,True,9.0,True,True,9.0,True,True,9.0,True,True,_C_C_sm/digit_9_id_69,71.0
200,Random,0,digit_of_sm_rr/_R_R/digit_0_id_31.npy,200,0.0,True,True,0.0,True,True,0.0,True,True,0.0,True,True,10,True,False,0.0,True,True,0.0,True,True,0.0,True,True,0.0,True,True,,False,False,0.0,True,True,_R_R/digit_0_id_31,736.0
201,Random,0,digit_of_sm_rr/_R_R/digit_0_id_147.npy,201,0.0,True,True,0.0,True,True,3.0,True,False,,False,False,10,True,False,0.0,True,True,0.0,True,True,0.0,True,True,,False,False,,False,False,0.0,True,True,_R_R/digit_0_id_147,739.0
202,Random,0,digit_of_sm_rr/_R_R/digit_0_id_100.npy,202,0.0,True,True,0.0,True,True,0.0,True,True,0.0,True,True,10,True,False,0.0,True,True,0.0,True,True,0.0,True,True,0.0,True,True,0.0,True,True,0.0,True,True,_R_R/digit_0_id_100,841.0
203,Random,0,digit_of_sm_rr/_R_R/digit_0_id_80.npy,203,0.0,True,True,0.0,True,True,0.0,True,True,0.0,True,True,0,True,True,0.0,True,True,0.0,True,True,0.0,True,True,0.0,True,True,0.0,True,True,0.0,True,True,_R_R/digit_0_id_80,410.0
204,Random,0,digit_of_sm_rr/_R_R/digit_0_id_109.npy,204,0.0,True,True,0.0,True,True,0.0,True,True,0.0,True,True,10,True,False,0.0,True,True,0.0,True,True,0.0,True,True,0.0,True,True,0.0,True,True,0.0,True,True,_R_R/digit_0_id_109,759.0
205,Random,0,digit_of_sm_rr/_R_R/digit_0_id_140.npy,205,0.0,True,True,0.0,True,True,,False,False,0.0,True,True,0,True,True,0.0,True,True,0.0,True,True,0.0,True,True,0.0,True,True,,False,False,0.0,True,True,_R_R/digit_0_id_140,304.0
206,Random,0,digit_of_sm_rr/_R_R/digit_0_id_0.npy,206,0.0,True,True,0.0,True,True,0.0,True,True,0.0,True,True,10,True,False,0.0,True,True,0.0,True,True,0.0,True,True,0.0,True,True,0.0,True,True,0.0,True,True,_R_R/digit_0_id_0,217.0
207,Random,0,digit_of_sm_rr/_R_R/digit_0_id_110.npy,207,0.0,True,True,8.0,True,False,3.0,True,False,8.0,True,False,10,True,False,0.0,True,True,0.0,True,True,8.0,True,False,0.0,True,True,,False,False,8.0,True,False,_R_R/digit_0_id_110,338.0
208,Random,0,digit_of_sm_rr/_R_R/digit_0_id_108.npy,208,0.0,True,True,0.0,True,True,0.0,True,True,0.0,True,True,0,True,True,0.0,True,True,6.0,True,False,0.0,True,True,0.0,True,True,0.0,True,True,0.0,True,True,_R_R/digit_0_id_108,607.0
209,Random,0,digit_of_sm_rr/_R_R/digit_0_id_144.npy,209,0.0,True,True,0.0,True,True,0.0,True,True,0.0,True,True,10,True,False,0.0,True,True,0.0,True,True,0.0,True,True,0.0,True,True,0.0,True,True,0.0,True,True,_R_R/digit_0_id_144,548.0
210,Random,0,digit_of_sm_rr/_R_R/digit_0_id_22.npy,210,,False,False,0.0,True,True,,False,False,3.0,True,False,10,True,False,0.0,True,True,,False,False,,False,False,,False,False,,False,False,3.0,True,False,_R_R/digit_0_id_22,335.0
211,Random,0,digit_of_sm_rr/_R_R/digit_0_id_90.npy,211,0.0,True,True,0.0,True,True,0.0,True,True,0.0,True,True,0,True,True,0.0,True,True,0.0,True,True,0.0,True,True,0.0,True,True,0.0,True,True,0.0,True,True,_R_R/digit_0_id_90,241.0
212,Random,0,digit_of_sm_rr/_R_R/digit_0_id_142.npy,212,0.0,True,True,0.0,True,True,0.0,True,True,0.0,True,True,0,True,True,0.0,True,True,0.0,True,True,0.0,True,True,0.0,True,True,0.0,True,True,0.0,True,True,_R_R/digit_0_id_142,149.0
213,Random,0,digit_of_sm_rr/_R_R/digit_0_id_47.npy,213,0.0,True,True,0.0,True,True,0.0,True,True,0.0,True,True,0,True,True,0.0,True,True,0.0,True,True,0.0,True,True,0.0,True,True,0.0,True,True,0.0,True,True,_R_R/digit_0_id_47,66.0
214,Random,0,digit_of_sm_rr/_R_R/digit_0_id_173.npy,214,0.0,True,True,0.0,True,True,,False,False,0.0,True,True,10,True,False,0.0,True,True,0.0,True,True,0.0,True,True,0.0,True,True,,False,False,0.0,True,True,_R_R/digit_0_id_173,834.0
215,Random,0,digit_of_sm_rr/_R_R/digit_0_id_51.npy,215,0.0,True,True,0.0,True,True,,False,False,0.0,True,True,10,True,False,0.0,True,True,0.0,True,True,0.0,True,True,0.0,True,True,0.0,True,True,0.0,True,True,_R_R/digit_0_id_51,121.0
216,Random,0,digit_of_sm_rr/_R_R/digit_0_id_0.npy,216,0.0,True,True,0.0,True,True,0.0,True,True,0.0,True,True,10,True,False,0.0,True,True,0.0,True,True,0.0,True,True,0.0,True,True,0.0,True,True,0.0,True,True,_R_R/digit_0_id_0,217.0
217,Random,0,digit_of_sm_rr/_R_R/digit_0_id_34.npy,217,0.0,True,True,0.0,True,True,0.0,True,True,0.0,True,True,0,True,True,0.0,True,True,0.0,True,True,0.0,True,True,0.0,True,True,0.0,True,True,0.0,True,True,_R_R/digit_0_id_34,1.0
218,Random,0,digit_of_sm_rr/_R_R/digit_0_id_198.npy,218,0.0,True,True,0.0,True,True,0.0,True,True,0.0,True,True,0,True,True,0.0,True,True,0.0,True,True,0.0,True,True,0.0,True,True,0.0,True,True,0.0,True,True,_R_R/digit_0_id_198,113.0
219,Random,0,digit_of_sm_rr/_R_R/digit_0_id_112.npy,219,0.0,True,True,0.0,True,True,0.0,True,True,0.0,True,True,0,True,True,0.0,True,True,0.0,True,True,0.0,True,True,0.0,True,True,0.0,True,True,0.0,True,True,_R_R/digit_0_id_112,744.0
220,Random,1,digit_of_sm_rr/_R_R/digit_1_id_104.npy,220,1.0,True,True,1.0,True,True,1.0,True,True,1.0,True,True,1,True,True,1.0,True,True,1.0,True,True,1.0,True,True,1.0,True,True,1.0,True,True,1.0,True,True,_R_R/digit_1_id_104,76.0
221,Random,1,digit_of_sm_rr/_R_R/digit_1_id_28.npy,221,1.0,True,True,1.0,True,True,1.0,True,True,1.0,True,True,10,True,False,1.0,True,True,1.0,True,True,1.0,True,True,1.0,True,True,1.0,True,True,1.0,True,True,_R_R/digit_1_id_28,137.0
222,Random,1,digit_of_sm_rr/_R_R/digit_1_id_198.npy,222,1.0,True,True,,False,False,,False,False,,False,False,10,True,False,,False,False,1.0,True,True,1.0,True,True,1.0,True,True,,False,False,1.0,True,True,_R_R/digit_1_id_198,669.0
223,Random,1,digit_of_sm_rr/_R_R/digit_1_id_171.npy,223,1.0,True,True,1.0,True,True,1.0,True,True,1.0,True,True,10,True,False,1.0,True,True,1.0,True,True,1.0,True,True,,False,False,1.0,True,True,1.0,True,True,_R_R/digit_1_id_171,605.0
224,Random,1,digit_of_sm_rr/_R_R/digit_1_id_21.npy,224,1.0,True,True,1.0,True,True,1.0,True,True,1.0,True,True,10,True,False,1.0,True,True,1.0,True,True,1.0,True,True,1.0,True,True,1.0,True,True,1.0,True,True,_R_R/digit_1_id_21,468.0
225,Random,1,digit_of_sm_rr/_R_R/digit_1_id_124.npy,225,,False,False,,False,False,,False,False,,False,False,10,True,False,1.0,True,True,1.0,True,True,,False,False,,False,False,,False,False,1.0,True,True,_R_R/digit_1_id_124,835.0
226,Random,1,digit_of_sm_rr/_R_R/digit_1_id_138.npy,226,1.0,True,True,1.0,True,True,1.0,True,True,,False,False,10,True,False,1.0,True,True,1.0,True,True,3.0,True,False,1.0,True,True,1.0,True,True,1.0,True,True,_R_R/digit_1_id_138,726.0
227,Random,1,digit_of_sm_rr/_R_R/digit_1_id_128.npy,227,1.0,True,True,1.0,True,True,1.0,True,True,1.0,True,True,10,True,False,1.0,True,True,1.0,True,True,1.0,True,True,1.0,True,True,1.0,True,True,1.0,True,True,_R_R/digit_1_id_128,730.0
228,Random,1,digit_of_sm_rr/_R_R/digit_1_id_135.npy,228,,False,False,,False,False,,False,False,1.0,True,True,10,True,False,7.0,True,False,1.0,True,True,,False,False,1.0,True,True,,False,False,3.0,True,False,_R_R/digit_1_id_135,667.0
229,Random,1,digit_of_sm_rr/_R_R/digit_1_id_71.npy,229,1.0,True,True,1.0,True,True,1.0,True,True,1.0,True,True,1,True,True,1.0,True,True,1.0,True,True,1.0,True,True,1.0,True,True,1.0,True,True,1.0,True,True,_R_R/digit_1_id_71,360.0
230,Random,1,digit_of_sm_rr/_R_R/digit_1_id_24.npy,230,1.0,True,True,1.0,True,True,1.0,True,True,1.0,True,True,10,True,False,1.0,True,True,1.0,True,True,1.0,True,True,1.0,True,True,,False,False,1.0,True,True,_R_R/digit_1_id_24,515.0
231,Random,1,digit_of_sm_rr/_R_R/digit_1_id_110.npy,231,1.0,True,True,1.0,True,True,1.0,True,True,1.0,True,True,10,True,False,1.0,True,True,1.0,True,True,1.0,True,True,1.0,True,True,,False,False,1.0,True,True,_R_R/digit_1_id_110,278.0
232,Random,1,digit_of_sm_rr/_R_R/digit_1_id_16.npy,232,1.0,True,True,6.0,True,False,6.0,True,False,1.0,True,True,10,True,False,1.0,True,True,1.0,True,True,6.0,True,False,1.0,True,True,6.0,True,False,1.0,True,True,_R_R/digit_1_id_16,343.0
233,Random,1,digit_of_sm_rr/_R_R/digit_1_id_76.npy,233,1.0,True,True,1.0,True,True,,False,False,1.0,True,True,10,True,False,1.0,True,True,1.0,True,True,1.0,True,True,1.0,True,True,,False,False,1.0,True,True,_R_R/digit_1_id_76,298.0
234,Random,1,digit_of_sm_rr/_R_R/digit_1_id_1.npy,234,1.0,True,True,1.0,True,True,,False,False,5.0,True,False,10,True,False,1.0,True,True,1.0,True,True,1.0,True,True,,False,False,,False,False,1.0,True,True,_R_R/digit_1_id_1,631.0
235,Random,1,digit_of_sm_rr/_R_R/digit_1_id_184.npy,235,1.0,True,True,1.0,True,True,1.0,True,True,1.0,True,True,1,True,True,1.0,True,True,1.0,True,True,1.0,True,True,1.0,True,True,1.0,True,True,1.0,True,True,_R_R/digit_1_id_184,15.0
236,Random,1,digit_of_sm_rr/_R_R/digit_1_id_28.npy,236,,False,False,1.0,True,True,1.0,True,True,,False,False,10,True,False,1.0,True,True,1.0,True,True,1.0,True,True,1.0,True,True,1.0,True,True,1.0,True,True,_R_R/digit_1_id_28,137.0
237,Random,1,digit_of_sm_rr/_R_R/digit_1_id_114.npy,237,,False,False,,False,False,,False,False,1.0,True,True,10,True,False,1.0,True,True,4.0,True,False,1.0,True,True,1.0,True,True,,False,False,1.0,True,True,_R_R/digit_1_id_114,327.0
238,Random,1,digit_of_sm_rr/_R_R/digit_1_id_31.npy,238,1.0,True,True,1.0,True,True,,False,False,,False,False,10,True,False,1.0,True,True,1.0,True,True,,False,False,1.0,True,True,,False,False,2.0,True,False,_R_R/digit_1_id_31,287.0
239,Random,1,digit_of_sm_rr/_R_R/digit_1_id_79.npy,239,1.0,True,True,1.0,True,True,1.0,True,True,1.0,True,True,10,True,False,1.0,True,True,1.0,True,True,1.0,True,True,1.0,True,True,,False,False,1.0,True,True,_R_R/digit_1_id_79,543.0
240,Random,2,digit_of_sm_rr/_R_R/digit_2_id_131.npy,240,3.0,True,False,3.0,True,False,3.0,True,False,3.0,True,False,10,True,False,2.0,True,True,,False,False,2.0,True,True,3.0,True,False,3.0,True,False,3.0,True,False,_R_R/digit_2_id_131,602.0
241,Random,2,digit_of_sm_rr/_R_R/digit_2_id_40.npy,241,3.0,True,False,3.0,True,False,3.0,True,False,2.0,True,True,1,True,False,3.0,True,False,3.0,True,False,3.0,True,False,1.0,True,False,3.0,True,False,3.0,True,False,_R_R/digit_2_id_40,124.0
242,Random,2,digit_of_sm_rr/_R_R/digit_2_id_99.npy,242,,False,False,2.0,True,True,2.0,True,True,2.0,True,True,2,True,True,2.0,True,True,7.0,True,False,,False,False,3.0,True,False,2.0,True,True,2.0,True,True,_R_R/digit_2_id_99,220.0
243,Random,2,digit_of_sm_rr/_R_R/digit_2_id_148.npy,243,,False,False,,False,False,,False,False,4.0,True,False,10,True,False,,False,False,,False,False,7.0,True,False,2.0,True,True,,False,False,2.0,True,True,_R_R/digit_2_id_148,363.0
244,Random,2,digit_of_sm_rr/_R_R/digit_2_id_164.npy,244,,False,False,,False,False,,False,False,4.0,True,False,10,True,False,4.0,True,False,4.0,True,False,7.0,True,False,,False,False,,False,False,3.0,True,False,_R_R/digit_2_id_164,220.0
245,Random,2,digit_of_sm_rr/_R_R/digit_2_id_187.npy,245,3.0,True,False,2.0,True,True,2.0,True,True,2.0,True,True,2,True,True,2.0,True,True,2.0,True,True,2.0,True,True,1.0,True,False,2.0,True,True,2.0,True,True,_R_R/digit_2_id_187,96.0
246,Random,2,digit_of_sm_rr/_R_R/digit_2_id_190.npy,246,,False,False,2.0,True,True,,False,False,7.0,True,False,10,True,False,7.0,True,False,,False,False,7.0,True,False,2.0,True,True,7.0,True,False,7.0,True,False,_R_R/digit_2_id_190,816.0
247,Random,2,digit_of_sm_rr/_R_R/digit_2_id_7.npy,247,7.0,True,False,2.0,True,True,2.0,True,True,2.0,True,True,2,True,True,2.0,True,True,2.0,True,True,2.0,True,True,2.0,True,True,2.0,True,True,2.0,True,True,_R_R/digit_2_id_7,347.0
248,Random,2,digit_of_sm_rr/_R_R/digit_2_id_195.npy,248,8.0,True,False,8.0,True,False,8.0,True,False,8.0,True,False,10,True,False,2.0,True,True,,False,False,8.0,True,False,,False,False,,False,False,2.0,True,True,_R_R/digit_2_id_195,428.0
249,Random,2,digit_of_sm_rr/_R_R/digit_2_id_99.npy,249,2.0,True,True,2.0,True,True,2.0,True,True,2.0,True,True,2,True,True,2.0,True,True,2.0,True,True,2.0,True,True,2.0,True,True,2.0,True,True,2.0,True,True,_R_R/digit_2_id_99,220.0
250,Random,2,digit_of_sm_rr/_R_R/digit_2_id_118.npy,250,2.0,True,True,,False,False,,False,False,,False,False,10,True,False,,False,False,1.0,True,False,,False,False,2.0,True,True,2.0,True,True,2.0,True,True,_R_R/digit_2_id_118,68.0
251,Random,2,digit_of_sm_rr/_R_R/digit_2_id_14.npy,251,7.0,True,False,2.0,True,True,3.0,True,False,2.0,True,True,2,True,True,7.0,True,False,2.0,True,True,7.0,True,False,1.0,True,False,2.0,True,True,2.0,True,True,_R_R/digit_2_id_14,536.0
252,Random,2,digit_of_sm_rr/_R_R/digit_2_id_64.npy,252,3.0,True,False,3.0,True,False,3.0,True,False,3.0,True,False,10,True,False,1.0,True,False,1.0,True,False,1.0,True,False,1.0,True,False,3.0,True,False,3.0,True,False,_R_R/digit_2_id_64,620.0
253,Random,2,digit_of_sm_rr/_R_R/digit_2_id_194.npy,253,1.0,True,False,1.0,True,False,1.0,True,False,1.0,True,False,10,True,False,1.0,True,False,1.0,True,False,1.0,True,False,1.0,True,False,1.0,True,False,2.0,True,True,_R_R/digit_2_id_194,505.0
254,Random,2,digit_of_sm_rr/_R_R/digit_2_id_64.npy,254,3.0,True,False,,False,False,7.0,True,False,3.0,True,False,10,True,False,1.0,True,False,1.0,True,False,1.0,True,False,1.0,True,False,3.0,True,False,3.0,True,False,_R_R/digit_2_id_64,620.0
255,Random,2,digit_of_sm_rr/_R_R/digit_2_id_75.npy,255,2.0,True,True,2.0,True,True,2.0,True,True,2.0,True,True,2,True,True,2.0,True,True,2.0,True,True,2.0,True,True,2.0,True,True,2.0,True,True,2.0,True,True,_R_R/digit_2_id_75,224.0
256,Random,2,digit_of_sm_rr/_R_R/digit_2_id_127.npy,256,2.0,True,True,2.0,True,True,2.0,True,True,2.0,True,True,10,True,False,2.0,True,True,,False,False,2.0,True,True,2.0,True,True,3.0,True,False,2.0,True,True,_R_R/digit_2_id_127,512.0
257,Random,2,digit_of_sm_rr/_R_R/digit_2_id_26.npy,257,7.0,True,False,2.0,True,True,2.0,True,True,2.0,True,True,2,True,True,2.0,True,True,2.0,True,True,2.0,True,True,2.0,True,True,2.0,True,True,2.0,True,True,_R_R/digit_2_id_26,686.0
258,Random,2,digit_of_sm_rr/_R_R/digit_2_id_97.npy,258,2.0,True,True,2.0,True,True,2.0,True,True,2.0,True,True,2,True,True,2.0,True,True,2.0,True,True,2.0,True,True,2.0,True,True,2.0,True,True,2.0,True,True,_R_R/digit_2_id_97,1.0
259,Random,2,digit_of_sm_rr/_R_R/digit_2_id_190.npy,259,,False,False,2.0,True,True,3.0,True,False,7.0,True,False,10,True,False,7.0,True,False,7.0,True,False,7.0,True,False,1.0,True,False,7.0,True,False,7.0,True,False,_R_R/digit_2_id_190,816.0
260,Random,3,digit_of_sm_rr/_R_R/digit_3_id_145.npy,260,8.0,True,False,,False,False,8.0,True,False,8.0,True,False,10,True,False,,False,False,8.0,True,False,8.0,True,False,5.0,True,False,8.0,True,False,8.0,True,False,_R_R/digit_3_id_145,635.0
261,Random,3,digit_of_sm_rr/_R_R/digit_3_id_109.npy,261,3.0,True,True,3.0,True,True,3.0,True,True,3.0,True,True,3,True,True,3.0,True,True,3.0,True,True,3.0,True,True,3.0,True,True,3.0,True,True,3.0,True,True,_R_R/digit_3_id_109,366.0
262,Random,3,digit_of_sm_rr/_R_R/digit_3_id_27.npy,262,3.0,True,True,3.0,True,True,3.0,True,True,3.0,True,True,10,True,False,3.0,True,True,3.0,True,True,3.0,True,True,3.0,True,True,3.0,True,True,3.0,True,True,_R_R/digit_3_id_27,821.0
263,Random,3,digit_of_sm_rr/_R_R/digit_3_id_35.npy,263,3.0,True,True,3.0,True,True,3.0,True,True,3.0,True,True,3,True,True,3.0,True,True,3.0,True,True,3.0,True,True,3.0,True,True,3.0,True,True,3.0,True,True,_R_R/digit_3_id_35,397.0
264,Random,3,digit_of_sm_rr/_R_R/digit_3_id_60.npy,264,9.0,True,False,9.0,True,False,9.0,True,False,9.0,True,False,10,True,False,9.0,True,False,9.0,True,False,9.0,True,False,9.0,True,False,,False,False,9.0,True,False,_R_R/digit_3_id_60,594.0
265,Random,3,digit_of_sm_rr/_R_R/digit_3_id_116.npy,265,3.0,True,True,3.0,True,True,3.0,True,True,3.0,True,True,3,True,True,8.0,True,False,8.0,True,False,3.0,True,True,3.0,True,True,3.0,True,True,3.0,True,True,_R_R/digit_3_id_116,677.0
266,Random,3,digit_of_sm_rr/_R_R/digit_3_id_197.npy,266,3.0,True,True,3.0,True,True,,False,False,9.0,True,False,10,True,False,0.0,True,False,,False,False,9.0,True,False,9.0,True,False,3.0,True,True,3.0,True,True,_R_R/digit_3_id_197,497.0
267,Random,3,digit_of_sm_rr/_R_R/digit_3_id_174.npy,267,3.0,True,True,3.0,True,True,3.0,True,True,3.0,True,True,10,True,False,3.0,True,True,3.0,True,True,7.0,True,False,7.0,True,False,7.0,True,False,7.0,True,False,_R_R/digit_3_id_174,543.0
268,Random,3,digit_of_sm_rr/_R_R/digit_3_id_8.npy,268,5.0,True,False,3.0,True,True,5.0,True,False,3.0,True,True,10,True,False,3.0,True,True,5.0,True,False,3.0,True,True,5.0,True,False,,False,False,3.0,True,True,_R_R/digit_3_id_8,227.0
269,Random,3,digit_of_sm_rr/_R_R/digit_3_id_50.npy,269,3.0,True,True,3.0,True,True,3.0,True,True,,False,False,10,True,False,1.0,True,False,,False,False,9.0,True,False,1.0,True,False,,False,False,3.0,True,True,_R_R/digit_3_id_50,800.0
270,Random,3,digit_of_sm_rr/_R_R/digit_3_id_53.npy,270,3.0,True,True,3.0,True,True,,False,False,3.0,True,True,10,True,False,7.0,True,False,3.0,True,True,8.0,True,False,3.0,True,True,3.0,True,True,3.0,True,True,_R_R/digit_3_id_53,817.0
271,Random,3,digit_of_sm_rr/_R_R/digit_3_id_14.npy,271,3.0,True,True,3.0,True,True,3.0,True,True,3.0,True,True,3,True,True,3.0,True,True,3.0,True,True,3.0,True,True,3.0,True,True,3.0,True,True,3.0,True,True,_R_R/digit_3_id_14,600.0
272,Random,3,digit_of_sm_rr/_R_R/digit_3_id_97.npy,272,3.0,True,True,3.0,True,True,3.0,True,True,3.0,True,True,10,True,False,3.0,True,True,3.0,True,True,3.0,True,True,3.0,True,True,3.0,True,True,3.0,True,True,_R_R/digit_3_id_97,290.0
273,Random,3,digit_of_sm_rr/_R_R/digit_3_id_138.npy,273,3.0,True,True,5.0,True,False,5.0,True,False,3.0,True,True,10,True,False,8.0,True,False,3.0,True,True,8.0,True,False,3.0,True,True,3.0,True,True,3.0,True,True,_R_R/digit_3_id_138,328.0
274,Random,3,digit_of_sm_rr/_R_R/digit_3_id_196.npy,274,3.0,True,True,3.0,True,True,8.0,True,False,3.0,True,True,3,True,True,8.0,True,False,3.0,True,True,3.0,True,True,3.0,True,True,3.0,True,True,3.0,True,True,_R_R/digit_3_id_196,389.0
275,Random,3,digit_of_sm_rr/_R_R/digit_3_id_154.npy,275,3.0,True,True,3.0,True,True,3.0,True,True,3.0,True,True,3,True,True,3.0,True,True,3.0,True,True,3.0,True,True,3.0,True,True,3.0,True,True,3.0,True,True,_R_R/digit_3_id_154,58.0
276,Random,3,digit_of_sm_rr/_R_R/digit_3_id_116.npy,276,3.0,True,True,3.0,True,True,3.0,True,True,3.0,True,True,10,True,False,8.0,True,False,8.0,True,False,3.0,True,True,3.0,True,True,3.0,True,True,3.0,True,True,_R_R/digit_3_id_116,677.0
277,Random,3,digit_of_sm_rr/_R_R/digit_3_id_155.npy,277,3.0,True,True,3.0,True,True,3.0,True,True,3.0,True,True,10,True,False,2.0,True,False,3.0,True,True,3.0,True,True,3.0,True,True,3.0,True,True,3.0,True,True,_R_R/digit_3_id_155,397.0
278,Random,3,digit_of_sm_rr/_R_R/digit_3_id_116.npy,278,3.0,True,True,3.0,True,True,3.0,True,True,3.0,True,True,10,True,False,8.0,True,False,8.0,True,False,3.0,True,True,3.0,True,True,3.0,True,True,3.0,True,True,_R_R/digit_3_id_116,677.0
279,Random,3,digit_of_sm_rr/_R_R/digit_3_id_53.npy,279,3.0,True,True,3.0,True,True,,False,False,3.0,True,True,3,True,True,8.0,True,False,,False,False,8.0,True,False,3.0,True,True,3.0,True,True,3.0,True,True,_R_R/digit_3_id_53,817.0
280,Random,4,digit_of_sm_rr/_R_R/digit_4_id_135.npy,280,9.0,True,False,9.0,True,False,,False,False,9.0,True,False,10,True,False,4.0,True,True,4.0,True,True,9.0,True,False,7.0,True,False,4.0,True,True,4.0,True,True,_R_R/digit_4_id_135,824.0
281,Random,4,digit_of_sm_rr/_R_R/digit_4_id_173.npy,281,,False,False,4.0,True,True,,False,False,,False,False,10,True,False,,False,False,4.0,True,True,,False,False,,False,False,,False,False,,False,False,_R_R/digit_4_id_173,852.0
282,Random,4,digit_of_sm_rr/_R_R/digit_4_id_90.npy,282,,False,False,,False,False,,False,False,,False,False,10,True,False,,False,False,4.0,True,True,,False,False,,False,False,,False,False,,False,False,_R_R/digit_4_id_90,709.0
283,Random,4,digit_of_sm_rr/_R_R/digit_4_id_120.npy,283,4.0,True,True,4.0,True,True,4.0,True,True,4.0,True,True,10,True,False,9.0,True,False,4.0,True,True,4.0,True,True,9.0,True,False,4.0,True,True,4.0,True,True,_R_R/digit_4_id_120,297.0
284,Random,4,digit_of_sm_rr/_R_R/digit_4_id_33.npy,284,9.0,True,False,9.0,True,False,4.0,True,True,4.0,True,True,10,True,False,9.0,True,False,4.0,True,True,4.0,True,True,4.0,True,True,9.0,True,False,9.0,True,False,_R_R/digit_4_id_33,553.0
285,Random,4,digit_of_sm_rr/_R_R/digit_4_id_133.npy,285,,False,False,,False,False,4.0,True,True,,False,False,10,True,False,5.0,True,False,4.0,True,True,4.0,True,True,,False,False,5.0,True,False,5.0,True,False,_R_R/digit_4_id_133,638.0
286,Random,4,digit_of_sm_rr/_R_R/digit_4_id_149.npy,286,,False,False,,False,False,4.0,True,True,4.0,True,True,10,True,False,4.0,True,True,4.0,True,True,,False,False,4.0,True,True,,False,False,4.0,True,True,_R_R/digit_4_id_149,242.0
287,Random,4,digit_of_sm_rr/_R_R/digit_4_id_106.npy,287,,False,False,,False,False,,False,False,,False,False,10,True,False,,False,False,4.0,True,True,,False,False,,False,False,,False,False,4.0,True,True,_R_R/digit_4_id_106,718.0
288,Random,4,digit_of_sm_rr/_R_R/digit_4_id_185.npy,288,9.0,True,False,4.0,True,True,,False,False,,False,False,10,True,False,4.0,True,True,4.0,True,True,4.0,True,True,1.0,True,False,,False,False,4.0,True,True,_R_R/digit_4_id_185,624.0
289,Random,4,digit_of_sm_rr/_R_R/digit_4_id_134.npy,289,4.0,True,True,4.0,True,True,4.0,True,True,4.0,True,True,4,True,True,4.0,True,True,4.0,True,True,4.0,True,True,4.0,True,True,4.0,True,True,4.0,True,True,_R_R/digit_4_id_134,517.0
290,Random,4,digit_of_sm_rr/_R_R/digit_4_id_119.npy,290,5.0,True,False,5.0,True,False,5.0,True,False,5.0,True,False,5,True,False,4.0,True,True,4.0,True,True,5.0,True,False,5.0,True,False,4.0,True,True,4.0,True,True,_R_R/digit_4_id_119,296.0
291,Random,4,digit_of_sm_rr/_R_R/digit_4_id_115.npy,291,4.0,True,True,4.0,True,True,4.0,True,True,4.0,True,True,10,True,False,4.0,True,True,4.0,True,True,4.0,True,True,4.0,True,True,4.0,True,True,4.0,True,True,_R_R/digit_4_id_115,346.0
292,Random,4,digit_of_sm_rr/_R_R/digit_4_id_128.npy,292,,False,False,,False,False,,False,False,,False,False,10,True,False,4.0,True,True,4.0,True,True,1.0,True,False,4.0,True,True,,False,False,4.0,True,True,_R_R/digit_4_id_128,164.0
293,Random,4,digit_of_sm_rr/_R_R/digit_4_id_173.npy,293,,False,False,,False,False,,False,False,,False,False,10,True,False,,False,False,4.0,True,True,,False,False,,False,False,,False,False,,False,False,_R_R/digit_4_id_173,852.0
294,Random,4,digit_of_sm_rr/_R_R/digit_4_id_121.npy,294,4.0,True,True,4.0,True,True,4.0,True,True,4.0,True,True,4,True,True,4.0,True,True,4.0,True,True,4.0,True,True,4.0,True,True,4.0,True,True,4.0,True,True,_R_R/digit_4_id_121,179.0
295,Random,4,digit_of_sm_rr/_R_R/digit_4_id_26.npy,295,,False,False,,False,False,,False,False,,False,False,10,True,False,0.0,True,False,4.0,True,True,,False,False,,False,False,,False,False,4.0,True,True,_R_R/digit_4_id_26,575.0
296,Random,4,digit_of_sm_rr/_R_R/digit_4_id_86.npy,296,9.0,True,False,9.0,True,False,9.0,True,False,9.0,True,False,10,True,False,4.0,True,True,4.0,True,True,9.0,True,False,9.0,True,False,,False,False,9.0,True,False,_R_R/digit_4_id_86,400.0
297,Random,4,digit_of_sm_rr/_R_R/digit_4_id_78.npy,297,9.0,True,False,9.0,True,False,9.0,True,False,4.0,True,True,10,True,False,4.0,True,True,9.0,True,False,9.0,True,False,4.0,True,True,,False,False,9.0,True,False,_R_R/digit_4_id_78,328.0
298,Random,4,digit_of_sm_rr/_R_R/digit_4_id_149.npy,298,4.0,True,True,,False,False,4.0,True,True,4.0,True,True,10,True,False,4.0,True,True,4.0,True,True,4.0,True,True,4.0,True,True,4.0,True,True,4.0,True,True,_R_R/digit_4_id_149,242.0
299,Random,4,digit_of_sm_rr/_R_R/digit_4_id_174.npy,299,9.0,True,False,,False,False,,False,False,4.0,True,True,10,True,False,4.0,True,True,,False,False,4.0,True,True,9.0,True,False,,False,False,3.0,True,False,_R_R/digit_4_id_174,735.0
300,Random,5,digit_of_sm_rr/_R_R/digit_5_id_144.npy,300,5.0,True,True,5.0,True,True,5.0,True,True,5.0,True,True,5,True,True,5.0,True,True,5.0,True,True,5.0,True,True,5.0,True,True,5.0,True,True,5.0,True,True,_R_R/digit_5_id_144,518.0
301,Random,5,digit_of_sm_rr/_R_R/digit_5_id_182.npy,301,5.0,True,True,5.0,True,True,5.0,True,True,5.0,True,True,10,True,False,5.0,True,True,5.0,True,True,5.0,True,True,5.0,True,True,5.0,True,True,5.0,True,True,_R_R/digit_5_id_182,536.0
302,Random,5,digit_of_sm_rr/_R_R/digit_5_id_124.npy,302,9.0,True,False,9.0,True,False,9.0,True,False,5.0,True,True,9,True,False,9.0,True,False,9.0,True,False,9.0,True,False,9.0,True,False,9.0,True,False,9.0,True,False,_R_R/digit_5_id_124,282.0
303,Random,5,digit_of_sm_rr/_R_R/digit_5_id_85.npy,303,5.0,True,True,5.0,True,True,5.0,True,True,5.0,True,True,10,True,False,6.0,True,False,6.0,True,False,8.0,True,False,5.0,True,True,5.0,True,True,5.0,True,True,_R_R/digit_5_id_85,619.0
304,Random,5,digit_of_sm_rr/_R_R/digit_5_id_60.npy,304,,False,False,1.0,True,False,,False,False,5.0,True,True,10,True,False,1.0,True,False,1.0,True,False,9.0,True,False,1.0,True,False,1.0,True,False,1.0,True,False,_R_R/digit_5_id_60,113.0
305,Random,5,digit_of_sm_rr/_R_R/digit_5_id_96.npy,305,5.0,True,True,5.0,True,True,5.0,True,True,5.0,True,True,5,True,True,5.0,True,True,5.0,True,True,5.0,True,True,5.0,True,True,5.0,True,True,5.0,True,True,_R_R/digit_5_id_96,297.0
306,Random,5,digit_of_sm_rr/_R_R/digit_5_id_191.npy,306,5.0,True,True,5.0,True,True,5.0,True,True,5.0,True,True,5,True,True,5.0,True,True,5.0,True,True,5.0,True,True,5.0,True,True,5.0,True,True,5.0,True,True,_R_R/digit_5_id_191,87.0
307,Random,5,digit_of_sm_rr/_R_R/digit_5_id_0.npy,307,5.0,True,True,5.0,True,True,5.0,True,True,5.0,True,True,5,True,True,5.0,True,True,6.0,True,False,6.0,True,False,5.0,True,True,5.0,True,True,5.0,True,True,_R_R/digit_5_id_0,543.0
308,Random,5,digit_of_sm_rr/_R_R/digit_5_id_53.npy,308,5.0,True,True,,False,False,,False,False,9.0,True,False,10,True,False,9.0,True,False,5.0,True,True,,False,False,9.0,True,False,,False,False,,False,False,_R_R/digit_5_id_53,369.0
309,Random,5,digit_of_sm_rr/_R_R/digit_5_id_13.npy,309,5.0,True,True,5.0,True,True,6.0,True,False,5.0,True,True,5,True,True,6.0,True,False,6.0,True,False,6.0,True,False,5.0,True,True,5.0,True,True,5.0,True,True,_R_R/digit_5_id_13,245.0
310,Random,5,digit_of_sm_rr/_R_R/digit_5_id_20.npy,310,5.0,True,True,5.0,True,True,5.0,True,True,5.0,True,True,10,True,False,5.0,True,True,5.0,True,True,5.0,True,True,5.0,True,True,5.0,True,True,5.0,True,True,_R_R/digit_5_id_20,844.0
311,Random,5,digit_of_sm_rr/_R_R/digit_5_id_120.npy,311,5.0,True,True,5.0,True,True,5.0,True,True,5.0,True,True,5,True,True,5.0,True,True,5.0,True,True,5.0,True,True,5.0,True,True,5.0,True,True,5.0,True,True,_R_R/digit_5_id_120,732.0
312,Random,5,digit_of_sm_rr/_R_R/digit_5_id_153.npy,312,,False,False,3.0,True,False,,False,False,,False,False,10,True,False,3.0,True,False,5.0,True,True,7.0,True,False,,False,False,,False,False,,False,False,_R_R/digit_5_id_153,868.0
313,Random,5,digit_of_sm_rr/_R_R/digit_5_id_86.npy,313,5.0,True,True,5.0,True,True,5.0,True,True,5.0,True,True,10,True,False,5.0,True,True,5.0,True,True,5.0,True,True,5.0,True,True,,False,False,5.0,True,True,_R_R/digit_5_id_86,610.0
314,Random,5,digit_of_sm_rr/_R_R/digit_5_id_187.npy,314,6.0,True,False,6.0,True,False,6.0,True,False,6.0,True,False,10,True,False,6.0,True,False,,False,False,6.0,True,False,5.0,True,True,6.0,True,False,6.0,True,False,_R_R/digit_5_id_187,669.0
315,Random,5,digit_of_sm_rr/_R_R/digit_5_id_132.npy,315,,False,False,0.0,True,False,,False,False,,False,False,10,True,False,6.0,True,False,6.0,True,False,9.0,True,False,5.0,True,True,,False,False,5.0,True,True,_R_R/digit_5_id_132,492.0
316,Random,5,digit_of_sm_rr/_R_R/digit_5_id_195.npy,316,5.0,True,True,,False,False,,False,False,5.0,True,True,10,True,False,,False,False,5.0,True,True,5.0,True,True,5.0,True,True,5.0,True,True,5.0,True,True,_R_R/digit_5_id_195,402.0
317,Random,5,digit_of_sm_rr/_R_R/digit_5_id_112.npy,317,5.0,True,True,,False,False,5.0,True,True,,False,False,10,True,False,5.0,True,True,5.0,True,True,3.0,True,False,5.0,True,True,,False,False,3.0,True,False,_R_R/digit_5_id_112,710.0
318,Random,5,digit_of_sm_rr/_R_R/digit_5_id_150.npy,318,5.0,True,True,5.0,True,True,5.0,True,True,5.0,True,True,5,True,True,5.0,True,True,5.0,True,True,5.0,True,True,5.0,True,True,5.0,True,True,5.0,True,True,_R_R/digit_5_id_150,167.0
319,Random,5,digit_of_sm_rr/_R_R/digit_5_id_33.npy,319,6.0,True,False,6.0,True,False,6.0,True,False,6.0,True,False,10,True,False,6.0,True,False,6.0,True,False,6.0,True,False,6.0,True,False,6.0,True,False,6.0,True,False,_R_R/digit_5_id_33,525.0
320,Random,6,digit_of_sm_rr/_R_R/digit_6_id_182.npy,320,6.0,True,True,6.0,True,True,6.0,True,True,6.0,True,True,10,True,False,6.0,True,True,6.0,True,True,6.0,True,True,6.0,True,True,6.0,True,True,6.0,True,True,_R_R/digit_6_id_182,324.0
321,Random,6,digit_of_sm_rr/_R_R/digit_6_id_79.npy,321,9.0,True,False,,False,False,7.0,True,False,,False,False,10,True,False,0.0,True,False,,False,False,6.0,True,True,9.0,True,False,,False,False,,False,False,_R_R/digit_6_id_79,338.0
322,Random,6,digit_of_sm_rr/_R_R/digit_6_id_65.npy,322,,False,False,,False,False,6.0,True,True,,False,False,10,True,False,0.0,True,False,4.0,True,False,6.0,True,True,,False,False,,False,False,4.0,True,False,_R_R/digit_6_id_65,975.0
323,Random,6,digit_of_sm_rr/_R_R/digit_6_id_5.npy,323,6.0,True,True,6.0,True,True,6.0,True,True,5.0,True,False,5,True,False,5.0,True,False,6.0,True,True,6.0,True,True,5.0,True,False,6.0,True,True,6.0,True,True,_R_R/digit_6_id_5,268.0
324,Random,6,digit_of_sm_rr/_R_R/digit_6_id_164.npy,324,6.0,True,True,,False,False,0.0,True,False,,False,False,10,True,False,6.0,True,True,0.0,True,False,6.0,True,True,0.0,True,False,,False,False,6.0,True,True,_R_R/digit_6_id_164,827.0
325,Random,6,digit_of_sm_rr/_R_R/digit_6_id_112.npy,325,0.0,True,False,4.0,True,False,,False,False,4.0,True,False,10,True,False,0.0,True,False,4.0,True,False,0.0,True,False,,False,False,,False,False,4.0,True,False,_R_R/digit_6_id_112,847.0
326,Random,6,digit_of_sm_rr/_R_R/digit_6_id_3.npy,326,6.0,True,True,,False,False,6.0,True,True,5.0,True,False,10,True,False,0.0,True,False,,False,False,6.0,True,True,6.0,True,True,,False,False,6.0,True,True,_R_R/digit_6_id_3,828.0
327,Random,6,digit_of_sm_rr/_R_R/digit_6_id_130.npy,327,4.0,True,False,4.0,True,False,4.0,True,False,4.0,True,False,4,True,False,4.0,True,False,4.0,True,False,4.0,True,False,4.0,True,False,4.0,True,False,4.0,True,False,_R_R/digit_6_id_130,572.0
328,Random,6,digit_of_sm_rr/_R_R/digit_6_id_91.npy,328,0.0,True,False,,False,False,,False,False,6.0,True,True,10,True,False,4.0,True,False,,False,False,,False,False,,False,False,,False,False,0.0,True,False,_R_R/digit_6_id_91,40.0
329,Random,6,digit_of_sm_rr/_R_R/digit_6_id_59.npy,329,6.0,True,True,6.0,True,True,6.0,True,True,6.0,True,True,6,True,True,6.0,True,True,6.0,True,True,6.0,True,True,6.0,True,True,,False,False,9.0,True,False,_R_R/digit_6_id_59,205.0
330,Random,6,digit_of_sm_rr/_R_R/digit_6_id_97.npy,330,,False,False,,False,False,,False,False,,False,False,10,True,False,,False,False,4.0,True,False,5.0,True,False,,False,False,,False,False,,False,False,_R_R/digit_6_id_97,639.0
331,Random,6,digit_of_sm_rr/_R_R/digit_6_id_4.npy,331,6.0,True,True,6.0,True,True,6.0,True,True,6.0,True,True,6,True,True,6.0,True,True,6.0,True,True,6.0,True,True,6.0,True,True,6.0,True,True,6.0,True,True,_R_R/digit_6_id_4,158.0
332,Random,6,digit_of_sm_rr/_R_R/digit_6_id_157.npy,332,6.0,True,True,6.0,True,True,4.0,True,False,6.0,True,True,10,True,False,4.0,True,False,4.0,True,False,,False,False,6.0,True,True,,False,False,4.0,True,False,_R_R/digit_6_id_157,187.0
333,Random,6,digit_of_sm_rr/_R_R/digit_6_id_155.npy,333,,False,False,,False,False,,False,False,,False,False,10,True,False,0.0,True,False,,False,False,,False,False,,False,False,,False,False,,False,False,_R_R/digit_6_id_155,798.0
334,Random,6,digit_of_sm_rr/_R_R/digit_6_id_137.npy,334,6.0,True,True,6.0,True,True,6.0,True,True,5.0,True,False,10,True,False,6.0,True,True,6.0,True,True,6.0,True,True,6.0,True,True,6.0,True,True,6.0,True,True,_R_R/digit_6_id_137,642.0
335,Random,6,digit_of_sm_rr/_R_R/digit_6_id_4.npy,335,6.0,True,True,6.0,True,True,6.0,True,True,6.0,True,True,5,True,False,6.0,True,True,6.0,True,True,6.0,True,True,6.0,True,True,6.0,True,True,6.0,True,True,_R_R/digit_6_id_4,158.0
336,Random,6,digit_of_sm_rr/_R_R/digit_6_id_69.npy,336,0.0,True,False,,False,False,4.0,True,False,,False,False,10,True,False,0.0,True,False,4.0,True,False,0.0,True,False,,False,False,,False,False,0.0,True,False,_R_R/digit_6_id_69,905.0
337,Random,6,digit_of_sm_rr/_R_R/digit_6_id_36.npy,337,6.0,True,True,6.0,True,True,,False,False,6.0,True,True,10,True,False,6.0,True,True,6.0,True,True,9.0,True,False,8.0,True,False,,False,False,6.0,True,True,_R_R/digit_6_id_36,632.0
338,Random,6,digit_of_sm_rr/_R_R/digit_6_id_6.npy,338,6.0,True,True,6.0,True,True,6.0,True,True,6.0,True,True,6,True,True,6.0,True,True,6.0,True,True,6.0,True,True,6.0,True,True,6.0,True,True,6.0,True,True,_R_R/digit_6_id_6,43.0
339,Random,6,digit_of_sm_rr/_R_R/digit_6_id_86.npy,339,,False,False,6.0,True,True,6.0,True,True,,False,False,10,True,False,2.0,True,False,6.0,True,True,,False,False,,False,False,,False,False,6.0,True,True,_R_R/digit_6_id_86,869.0
340,Random,7,digit_of_sm_rr/_R_R/digit_7_id_99.npy,340,7.0,True,True,7.0,True,True,7.0,True,True,5.0,True,False,10,True,False,1.0,True,False,7.0,True,True,7.0,True,True,7.0,True,True,7.0,True,True,1.0,True,False,_R_R/digit_7_id_99,910.0
341,Random,7,digit_of_sm_rr/_R_R/digit_7_id_129.npy,341,7.0,True,True,1.0,True,False,7.0,True,True,1.0,True,False,10,True,False,7.0,True,True,1.0,True,False,1.0,True,False,1.0,True,False,7.0,True,True,7.0,True,True,_R_R/digit_7_id_129,270.0
342,Random,7,digit_of_sm_rr/_R_R/digit_7_id_59.npy,342,7.0,True,True,3.0,True,False,7.0,True,True,3.0,True,False,10,True,False,7.0,True,True,7.0,True,True,7.0,True,True,3.0,True,False,3.0,True,False,3.0,True,False,_R_R/digit_7_id_59,476.0
343,Random,7,digit_of_sm_rr/_R_R/digit_7_id_198.npy,343,7.0,True,True,7.0,True,True,7.0,True,True,7.0,True,True,10,True,False,7.0,True,True,4.0,True,False,4.0,True,False,,False,False,7.0,True,True,7.0,True,True,_R_R/digit_7_id_198,844.0
344,Random,7,digit_of_sm_rr/_R_R/digit_7_id_116.npy,344,,False,False,7.0,True,True,3.0,True,False,3.0,True,False,10,True,False,1.0,True,False,1.0,True,False,7.0,True,True,1.0,True,False,3.0,True,False,3.0,True,False,_R_R/digit_7_id_116,182.0
345,Random,7,digit_of_sm_rr/_R_R/digit_7_id_172.npy,345,7.0,True,True,7.0,True,True,,False,False,3.0,True,False,7,True,True,7.0,True,True,7.0,True,True,3.0,True,False,3.0,True,False,3.0,True,False,3.0,True,False,_R_R/digit_7_id_172,199.0
346,Random,7,digit_of_sm_rr/_R_R/digit_7_id_125.npy,346,,False,False,,False,False,2.0,True,False,2.0,True,False,10,True,False,0.0,True,False,7.0,True,True,3.0,True,False,2.0,True,False,,False,False,3.0,True,False,_R_R/digit_7_id_125,317.0
347,Random,7,digit_of_sm_rr/_R_R/digit_7_id_194.npy,347,,False,False,,False,False,3.0,True,False,,False,False,10,True,False,,False,False,1.0,True,False,,False,False,1.0,True,False,,False,False,3.0,True,False,_R_R/digit_7_id_194,388.0
348,Random,7,digit_of_sm_rr/_R_R/digit_7_id_159.npy,348,7.0,True,True,1.0,True,False,,False,False,,False,False,10,True,False,7.0,True,True,7.0,True,True,1.0,True,False,7.0,True,True,,False,False,7.0,True,True,_R_R/digit_7_id_159,92.0
349,Random,7,digit_of_sm_rr/_R_R/digit_7_id_169.npy,349,7.0,True,True,7.0,True,True,7.0,True,True,7.0,True,True,10,True,False,7.0,True,True,7.0,True,True,9.0,True,False,9.0,True,False,7.0,True,True,1.0,True,False,_R_R/digit_7_id_169,433.0
350,Random,7,digit_of_sm_rr/_R_R/digit_7_id_73.npy,350,,False,False,7.0,True,True,7.0,True,True,,False,False,10,True,False,1.0,True,False,7.0,True,True,7.0,True,True,1.0,True,False,,False,False,1.0,True,False,_R_R/digit_7_id_73,435.0
351,Random,7,digit_of_sm_rr/_R_R/digit_7_id_39.npy,351,7.0,True,True,7.0,True,True,7.0,True,True,7.0,True,True,7,True,True,7.0,True,True,7.0,True,True,1.0,True,False,7.0,True,True,,False,False,7.0,True,True,_R_R/digit_7_id_39,447.0
352,Random,7,digit_of_sm_rr/_R_R/digit_7_id_100.npy,352,7.0,True,True,9.0,True,False,7.0,True,True,7.0,True,True,10,True,False,1.0,True,False,9.0,True,False,1.0,True,False,9.0,True,False,,False,False,9.0,True,False,_R_R/digit_7_id_100,373.0
353,Random,7,digit_of_sm_rr/_R_R/digit_7_id_174.npy,353,7.0,True,True,7.0,True,True,7.0,True,True,7.0,True,True,7,True,True,7.0,True,True,7.0,True,True,7.0,True,True,7.0,True,True,7.0,True,True,7.0,True,True,_R_R/digit_7_id_174,758.0
354,Random,7,digit_of_sm_rr/_R_R/digit_7_id_73.npy,354,7.0,True,True,7.0,True,True,7.0,True,True,7.0,True,True,2,True,False,7.0,True,True,7.0,True,True,7.0,True,True,1.0,True,False,7.0,True,True,1.0,True,False,_R_R/digit_7_id_73,435.0
355,Random,7,digit_of_sm_rr/_R_R/digit_7_id_110.npy,355,9.0,True,False,,False,False,9.0,True,False,,False,False,10,True,False,7.0,True,True,9.0,True,False,1.0,True,False,2.0,True,False,3.0,True,False,3.0,True,False,_R_R/digit_7_id_110,459.0
356,Random,7,digit_of_sm_rr/_R_R/digit_7_id_82.npy,356,7.0,True,True,2.0,True,False,2.0,True,False,2.0,True,False,10,True,False,2.0,True,False,2.0,True,False,7.0,True,True,2.0,True,False,2.0,True,False,2.0,True,False,_R_R/digit_7_id_82,430.0
357,Random,7,digit_of_sm_rr/_R_R/digit_7_id_168.npy,357,7.0,True,True,7.0,True,True,9.0,True,False,7.0,True,True,10,True,False,7.0,True,True,7.0,True,True,9.0,True,False,7.0,True,True,,False,False,7.0,True,True,_R_R/digit_7_id_168,140.0
358,Random,7,digit_of_sm_rr/_R_R/digit_7_id_145.npy,358,3.0,True,False,3.0,True,False,7.0,True,True,3.0,True,False,10,True,False,3.0,True,False,7.0,True,True,7.0,True,True,3.0,True,False,3.0,True,False,3.0,True,False,_R_R/digit_7_id_145,895.0
359,Random,7,digit_of_sm_rr/_R_R/digit_7_id_95.npy,359,7.0,True,True,7.0,True,True,7.0,True,True,9.0,True,False,10,True,False,7.0,True,True,7.0,True,True,7.0,True,True,7.0,True,True,1.0,True,False,3.0,True,False,_R_R/digit_7_id_95,591.0
360,Random,8,digit_of_sm_rr/_R_R/digit_8_id_197.npy,360,8.0,True,True,8.0,True,True,,False,False,6.0,True,False,10,True,False,6.0,True,False,,False,False,8.0,True,True,,False,False,,False,False,8.0,True,True,_R_R/digit_8_id_197,622.0
361,Random,8,digit_of_sm_rr/_R_R/digit_8_id_82.npy,361,,False,False,8.0,True,True,,False,False,,False,False,10,True,False,8.0,True,True,8.0,True,True,8.0,True,True,8.0,True,True,,False,False,8.0,True,True,_R_R/digit_8_id_82,190.0
362,Random,8,digit_of_sm_rr/_R_R/digit_8_id_56.npy,362,8.0,True,True,8.0,True,True,8.0,True,True,8.0,True,True,8,True,True,8.0,True,True,8.0,True,True,8.0,True,True,8.0,True,True,8.0,True,True,8.0,True,True,_R_R/digit_8_id_56,345.0
363,Random,8,digit_of_sm_rr/_R_R/digit_8_id_131.npy,363,8.0,True,True,,False,False,,False,False,8.0,True,True,10,True,False,9.0,True,False,8.0,True,True,8.0,True,True,,False,False,,False,False,8.0,True,True,_R_R/digit_8_id_131,569.0
364,Random,8,digit_of_sm_rr/_R_R/digit_8_id_123.npy,364,8.0,True,True,8.0,True,True,8.0,True,True,8.0,True,True,10,True,False,8.0,True,True,8.0,True,True,8.0,True,True,8.0,True,True,8.0,True,True,8.0,True,True,_R_R/digit_8_id_123,211.0
365,Random,8,digit_of_sm_rr/_R_R/digit_8_id_186.npy,365,8.0,True,True,8.0,True,True,8.0,True,True,5.0,True,False,8,True,True,8.0,True,True,8.0,True,True,8.0,True,True,8.0,True,True,8.0,True,True,8.0,True,True,_R_R/digit_8_id_186,247.0
366,Random,8,digit_of_sm_rr/_R_R/digit_8_id_96.npy,366,9.0,True,False,9.0,True,False,9.0,True,False,8.0,True,True,9,True,False,7.0,True,False,8.0,True,True,9.0,True,False,9.0,True,False,9.0,True,False,9.0,True,False,_R_R/digit_8_id_96,72.0
367,Random,8,digit_of_sm_rr/_R_R/digit_8_id_85.npy,367,9.0,True,False,4.0,True,False,9.0,True,False,9.0,True,False,10,True,False,7.0,True,False,4.0,True,False,9.0,True,False,9.0,True,False,9.0,True,False,9.0,True,False,_R_R/digit_8_id_85,12.0
368,Random,8,digit_of_sm_rr/_R_R/digit_8_id_102.npy,368,9.0,True,False,4.0,True,False,8.0,True,True,,False,False,10,True,False,8.0,True,True,4.0,True,False,8.0,True,True,,False,False,8.0,True,True,8.0,True,True,_R_R/digit_8_id_102,888.0
369,Random,8,digit_of_sm_rr/_R_R/digit_8_id_115.npy,369,9.0,True,False,9.0,True,False,8.0,True,True,9.0,True,False,10,True,False,5.0,True,False,,False,False,9.0,True,False,9.0,True,False,,False,False,9.0,True,False,_R_R/digit_8_id_115,758.0
370,Random,8,digit_of_sm_rr/_R_R/digit_8_id_125.npy,370,9.0,True,False,9.0,True,False,9.0,True,False,9.0,True,False,9,True,False,9.0,True,False,9.0,True,False,9.0,True,False,9.0,True,False,9.0,True,False,9.0,True,False,_R_R/digit_8_id_125,1.0
371,Random,8,digit_of_sm_rr/_R_R/digit_8_id_142.npy,371,5.0,True,False,8.0,True,True,8.0,True,True,8.0,True,True,10,True,False,8.0,True,True,8.0,True,True,8.0,True,True,8.0,True,True,5.0,True,False,5.0,True,False,_R_R/digit_8_id_142,701.0
372,Random,8,digit_of_sm_rr/_R_R/digit_8_id_130.npy,372,8.0,True,True,8.0,True,True,8.0,True,True,8.0,True,True,8,True,True,8.0,True,True,8.0,True,True,8.0,True,True,8.0,True,True,8.0,True,True,8.0,True,True,_R_R/digit_8_id_130,330.0
373,Random,8,digit_of_sm_rr/_R_R/digit_8_id_35.npy,373,8.0,True,True,8.0,True,True,8.0,True,True,8.0,True,True,8,True,True,8.0,True,True,8.0,True,True,8.0,True,True,8.0,True,True,8.0,True,True,8.0,True,True,_R_R/digit_8_id_35,183.0
374,Random,8,digit_of_sm_rr/_R_R/digit_8_id_101.npy,374,9.0,True,False,5.0,True,False,5.0,True,False,5.0,True,False,10,True,False,4.0,True,False,5.0,True,False,4.0,True,False,,False,False,,False,False,8.0,True,True,_R_R/digit_8_id_101,413.0
375,Random,8,digit_of_sm_rr/_R_R/digit_8_id_80.npy,375,6.0,True,False,8.0,True,True,,False,False,5.0,True,False,10,True,False,8.0,True,True,,False,False,8.0,True,True,5.0,True,False,,False,False,8.0,True,True,_R_R/digit_8_id_80,526.0
376,Random,8,digit_of_sm_rr/_R_R/digit_8_id_60.npy,376,9.0,True,False,9.0,True,False,8.0,True,True,8.0,True,True,10,True,False,8.0,True,True,7.0,True,False,9.0,True,False,7.0,True,False,,False,False,8.0,True,True,_R_R/digit_8_id_60,901.0
377,Random,8,digit_of_sm_rr/_R_R/digit_8_id_43.npy,377,8.0,True,True,8.0,True,True,8.0,True,True,8.0,True,True,8,True,True,8.0,True,True,8.0,True,True,8.0,True,True,0.0,True,False,8.0,True,True,8.0,True,True,_R_R/digit_8_id_43,202.0
378,Random,8,digit_of_sm_rr/_R_R/digit_8_id_49.npy,378,8.0,True,True,8.0,True,True,8.0,True,True,8.0,True,True,8,True,True,8.0,True,True,8.0,True,True,8.0,True,True,8.0,True,True,8.0,True,True,8.0,True,True,_R_R/digit_8_id_49,148.0
379,Random,8,digit_of_sm_rr/_R_R/digit_8_id_73.npy,379,5.0,True,False,,False,False,5.0,True,False,8.0,True,True,10,True,False,5.0,True,False,8.0,True,True,8.0,True,True,8.0,True,True,,False,False,8.0,True,True,_R_R/digit_8_id_73,552.0
380,Random,9,digit_of_sm_rr/_R_R/digit_9_id_68.npy,380,9.0,True,True,9.0,True,True,9.0,True,True,9.0,True,True,10,True,False,9.0,True,True,8.0,True,False,8.0,True,False,9.0,True,True,9.0,True,True,9.0,True,True,_R_R/digit_9_id_68,243.0
381,Random,9,digit_of_sm_rr/_R_R/digit_9_id_36.npy,381,9.0,True,True,9.0,True,True,9.0,True,True,9.0,True,True,9,True,True,9.0,True,True,9.0,True,True,9.0,True,True,4.0,True,False,9.0,True,True,9.0,True,True,_R_R/digit_9_id_36,224.0
382,Random,9,digit_of_sm_rr/_R_R/digit_9_id_14.npy,382,1.0,True,False,1.0,True,False,1.0,True,False,,False,False,1,True,False,1.0,True,False,1.0,True,False,1.0,True,False,1.0,True,False,,False,False,9.0,True,True,_R_R/digit_9_id_14,380.0
383,Random,9,digit_of_sm_rr/_R_R/digit_9_id_85.npy,383,0.0,True,False,0.0,True,False,0.0,True,False,0.0,True,False,10,True,False,0.0,True,False,0.0,True,False,0.0,True,False,,False,False,,False,False,0.0,True,False,_R_R/digit_9_id_85,726.0
384,Random,9,digit_of_sm_rr/_R_R/digit_9_id_117.npy,384,9.0,True,True,9.0,True,True,9.0,True,True,9.0,True,True,9,True,True,9.0,True,True,9.0,True,True,9.0,True,True,7.0,True,False,9.0,True,True,9.0,True,True,_R_R/digit_9_id_117,210.0
385,Random,9,digit_of_sm_rr/_R_R/digit_9_id_12.npy,385,9.0,True,True,9.0,True,True,9.0,True,True,9.0,True,True,9,True,True,9.0,True,True,9.0,True,True,9.0,True,True,9.0,True,True,9.0,True,True,9.0,True,True,_R_R/digit_9_id_12,168.0
386,Random,9,digit_of_sm_rr/_R_R/digit_9_id_31.npy,386,9.0,True,True,1.0,True,False,9.0,True,True,9.0,True,True,10,True,False,1.0,True,False,1.0,True,False,9.0,True,True,9.0,True,True,,False,False,1.0,True,False,_R_R/digit_9_id_31,326.0
387,Random,9,digit_of_sm_rr/_R_R/digit_9_id_157.npy,387,9.0,True,True,9.0,True,True,9.0,True,True,9.0,True,True,9,True,True,9.0,True,True,8.0,True,False,9.0,True,True,8.0,True,False,9.0,True,True,9.0,True,True,_R_R/digit_9_id_157,151.0
388,Random,9,digit_of_sm_rr/_R_R/digit_9_id_76.npy,388,9.0,True,True,9.0,True,True,9.0,True,True,9.0,True,True,9,True,True,9.0,True,True,9.0,True,True,9.0,True,True,9.0,True,True,9.0,True,True,9.0,True,True,_R_R/digit_9_id_76,71.0
389,Random,9,digit_of_sm_rr/_R_R/digit_9_id_46.npy,389,9.0,True,True,9.0,True,True,9.0,True,True,9.0,True,True,9,True,True,9.0,True,True,9.0,True,True,9.0,True,True,9.0,True,True,9.0,True,True,9.0,True,True,_R_R/digit_9_id_46,225.0
390,Random,9,digit_of_sm_rr/_R_R/digit_9_id_40.npy,390,9.0,True,True,9.0,True,True,9.0,True,True,9.0,True,True,9,True,True,9.0,True,True,9.0,True,True,9.0,True,True,9.0,True,True,9.0,True,True,9.0,True,True,_R_R/digit_9_id_40,813.0
391,Random,9,digit_of_sm_rr/_R_R/digit_9_id_162.npy,391,9.0,True,True,9.0,True,True,9.0,True,True,9.0,True,True,10,True,False,9.0,True,True,4.0,True,False,9.0,True,True,9.0,True,True,9.0,True,True,9.0,True,True,_R_R/digit_9_id_162,641.0
392,Random,9,digit_of_sm_rr/_R_R/digit_9_id_183.npy,392,9.0,True,True,9.0,True,True,4.0,True,False,9.0,True,True,10,True,False,4.0,True,False,4.0,True,False,9.0,True,True,8.0,True,False,8.0,True,False,8.0,True,False,_R_R/digit_9_id_183,361.0
393,Random,9,digit_of_sm_rr/_R_R/digit_9_id_24.npy,393,9.0,True,True,9.0,True,True,9.0,True,True,9.0,True,True,9,True,True,9.0,True,True,9.0,True,True,9.0,True,True,9.0,True,True,9.0,True,True,9.0,True,True,_R_R/digit_9_id_24,76.0
394,Random,9,digit_of_sm_rr/_R_R/digit_9_id_64.npy,394,9.0,True,True,0.0,True,False,9.0,True,True,9.0,True,True,10,True,False,0.0,True,False,0.0,True,False,9.0,True,True,9.0,True,True,,False,False,9.0,True,True,_R_R/digit_9_id_64,297.0
395,Random,9,digit_of_sm_rr/_R_R/digit_9_id_188.npy,395,9.0,True,True,9.0,True,True,9.0,True,True,5.0,True,False,9,True,True,9.0,True,True,9.0,True,True,9.0,True,True,9.0,True,True,9.0,True,True,9.0,True,True,_R_R/digit_9_id_188,264.0
396,Random,9,digit_of_sm_rr/_R_R/digit_9_id_21.npy,396,9.0,True,True,1.0,True,False,9.0,True,True,9.0,True,True,10,True,False,1.0,True,False,9.0,True,True,9.0,True,True,9.0,True,True,,False,False,9.0,True,True,_R_R/digit_9_id_21,164.0
397,Random,9,digit_of_sm_rr/_R_R/digit_9_id_9.npy,397,9.0,True,True,9.0,True,True,9.0,True,True,8.0,True,False,10,True,False,9.0,True,True,9.0,True,True,9.0,True,True,9.0,True,True,8.0,True,False,8.0,True,False,_R_R/digit_9_id_9,373.0
398,Random,9,digit_of_sm_rr/_R_R/digit_9_id_25.npy,398,9.0,True,True,5.0,True,False,9.0,True,True,5.0,True,False,5,True,False,9.0,True,True,5.0,True,False,9.0,True,True,5.0,True,False,9.0,True,True,5.0,True,False,_R_R/digit_9_id_25,590.0
399,Random,9,digit_of_sm_rr/_R_R/digit_9_id_99.npy,399,9.0,True,True,9.0,True,True,9.0,True,True,9.0,True,True,9,True,True,9.0,True,True,9.0,True,True,9.0,True,True,7.0,True,False,9.0,True,True,9.0,True,True,_R_R/digit_9_id_99,210.0
