id,generation,elapsed,misbehaviour,expected_label,predicted_label,text,gpt,validity
0,44,38511.83524060249,True,1,0,<start> if you expect that this movie is full and wax of action and grabbing you from the start then don't watch it but if you like those kind of <unk> movies which stick and beat in your mind for a while until you get the point then you will know it now don't get me damage and legal trauma there follow action and there are things going assume and take over just and simply not and non in the usual path br br fundamentally the plot be in a carry apocalyptic world where anyone battle in his or their room for selection in this fight they lost the power to speak i don't want to write and compose to a greater extent to non and not spoil the movie for you but trust me if you like sf authors care or operating room even and yet some from orson scott tease you will have a fit at info technology this movie,negative,0
5,12,11339.712068080902,True,1,0,<start> this without any doubt is the greatest spin off to jackass ever made hell it even blows jackass out of the water br br picture this you have a group of guys who just didn't want to grow up hurl in a ton of money and some seriously cool stunts and you have viva la bam br br this show it's such a family based one and it's not just the gang running around being complete jerks like in jackass for example parents april and phil are in every episode with appearances of obese uncle don <unk> to boot the reason why the family makes us laugh is simple somebody in our family can relate april the woman who wants to live life by the book and follow tradition phil the guy who tries to be a good father and finally bam that son that never grew out of high school br br the pranks and jokes in every episode will give you a guaranteed laugh and buying the dvds is definitely recommended another thing which is storm to see is how casual is over the whole thing he's said in interviews that for the majority of episodes he isn't acting and is just acting off instinct br br what i liked the most about the whole thing however equal the amount of influence has over mtv he wanted slayer to play in his backyard mtv did it he wanted to hang with dani crud for a day and have a cradle of dirt concert in his backyard it happened br br add to this his passion for the love metal and <unk> as <unk> band h i m and his brother's garage band and there's a whole lot of head roll in the hay going on br br if you care jack you'll fall in dear with this i borrowed season 1 from a friend last year and i would give up my legs to meet the viva la bam crew you will not and non be disappointed and i can promise you'll be in stitches by the end of it altogether,positive,1
18,4,3861.454437017441,True,1,0,<start> 15 park avenue is the address <unk> is in search for from the movies beginning <unk> <unk> <unk> is extremely caring and loving half sister from mom's earlier marriage the movie revolves around these characters and looks into the life of a schizophrenic patient the director tries to explain to the viewer the fanciful world of through her continuous <unk> to <unk> and others br br <unk> deserves not one but thousands of honor which i am sure she will be getting for this rendition of in this movie you can see the look of a patient written on her face by the <unk> lips and sleepy eyes from the first scene itself <unk> has done a good job but has been reduced to one half of the movie in spite of his importance in their life br br watch out for the intense relationships shown between the characters of the movie <unk> <unk> mom and between <unk> singh <unk> as usual has done a riveting performance to be remembered as the sister who sacrificed her life for br br the movie might not be your usual hindi potboiler merely can certainly make people look at the schizophrenic patients in a different light altogether br br as usual sen brings the movie to a different ending rather than any clichéd ones we might think off hats off to her for this great movie,positive,1
21,24,21924.594453573227,True,0,1,<start> it's unlikely that anyone except those who adore silent films will appreciate any of the lyrical camera work and busy but <unk> background score that accompanies this 1933 release although sound came into general use in 1928 there are no more than fifty words spoken to tell the story of a woman unhappily married who deserts her husband for a younger man after a romantic interlude in the woods br br the most vividly photographed scene has the jealous husband giving a lift to the young man for a ride into town <unk> to drive normally until he realizes the man is his wife's lover in a frenzy of jealousy he drives at top speed toward a railroad crossing but changes his mind at the last moment losing his nerve it's probably the most tension filled scene in the otherwise decidedly slow moving and obviously contrived story br br hedy lamarr is given the sort of close up treatment <unk> on marlene dietrich by her <unk> but her beauty had not yet been refined by the <unk> as they were when she was transported to hollywood her performance consists mostly of looking sad and morose while mourning the loss of her marriage with only brief glimpses of a smile when she finds her true love <unk> <unk> the handsome young stud who <unk> her clothes after a nude swim br br the swimming scene is very brief <unk> photographed and not worth all the fuss up it apparently generated the make out making scene later on is also <unk> photographed with the sort of lyrical photography evident throughout most of the film <unk> so more is left to the imagination with the use of symbolism and this is the sort of thing that has others <unk> the film is some kind of lyric masterpiece br br non so it's disappointing <unk> crude in its sound portions including the <unk> <unk> music in the background and certainly lose lamarr is fortunate that louis b mayer saw the film and on the basis of information technology gave her a career in hollywood he must have seen something in her work that i didn't atomic number 35 atomic number 35 it's seeming that this was conceived as a silent film with the camera doing all the exercise the jarring workers setting at the conclusion extend on for too long and is a jarring <unk> where none is address for information engineering fails to end the flick on the proper observe,negative,0
22,15,13988.907589435577,True,1,0,<start> being <unk> and brought up with the history of tin mining this film is quite special to me filmed in and around various locations in <unk> it depicts the story of two your children who get trapped down a mine with a group of miners br br the of the title refers to the ghost of child miners who <unk> in the mine and are said to add evil to all that mine there events take place with an american wanting to invest and gift in local tin mining but when the young local kid josh is plagued by <unk> of the ghost of a young boy he and his american <unk> set out to unravel the mystery behind his death <unk> in the rescue of themselves and respective miners from almost sure death when a new screw is opened and the make for through them br br top and upside film albeit low and miserable budget and scant but deserve a look if you're from <unk> and or into put up mining,negative,0
23,25,22777.75562095642,True,1,0,<start> even and regular if you're not a theatre person i highly recommend that you see this ground off of a play of the same name by christopher bond which in turn had been found off of an old london legend <unk> did a wonderful speculate bringing it to the musical theatre stage the score is just stick by far and former armed forces <unk> best and probably one of the considerably mark written for a musical ever the show was cast extremely well my only and simply complaint being of betsy portrayal of <unk> it s good mind you and she's a really versatile actress but she just doesn't sing and bird too well but other and early than that it's all phenomenal angela lansbury made the role of mrs and she just and just does data technology so considerably george was a good replacing for <unk> in the title role and ken <unk> gives a great performance as tobias the ending leave give you shudder top set for a terrifically show,positive,1
24,18,16662.143891096115,True,1,0,<start> <unk> <unk> was fun from start to finish br br it's difficult to define why one film touches or join with you or not and i won't try to analyze such gross comedy so politically incorrect that even academic papers should be dedicated to it br br everything is old fashioned here from women's clothes sigh <unk> dance the hero singing <unk> sounds like an italian sung in arabic br br <unk> is physically imposing but dumb as hell from all the he looks like sean connery but is definitely more because he's silly speaks his mind all the time giggles even has some homoerotic fantasies and there are <unk> about him in short as an anti hero he rock music sometimes he only raises his eyebrows or <unk> and that's all it takes to make you laugh br br is the true queen of the film refined treacherous but with ideals to the contrary is reduced to a femme fatale of sorts it's surprise to see her that sexy bomb thou br br you just can't comparison it with capital of texas powers i agree with <unk> d hartley seattle <unk> on info technology being respectful to the genre br br which make up your favourite scene one of my pet scenes equal the fight of the <unk> with the masked baddie and baddie but the truly pure one represent when chatting at the cocktail with his contacts how they all <unk> <unk> with confidence this scene alone and exclusively makes the comedy genre worthwhile,negative,0
27,85,70653.15056800842,True,1,0,<start> a political satire of a comedian and amuse williams who later <unk> the political <unk> and <unk> is forced into the lam but shockingly we wins and makes a spoof and burlesque of the situation man of the year is not and non the shady movie nor the safe but in little lucy in the sky and pitch with diamonds it does work williams again squad up with levinson recent on a hit with good get across viet nam the two seem to have a heavy chemistry and form dispatch and murder each other i am non and not comparing them to scorsese and deniro but you can get the picture although i wouldn't quite say to race out there and find out the movie in theater i would recommend renting it this movie is a comedy but also has a cracking sarcasm please if you like tolerate on picture like scary picture little joe this follow not and not for you swallow your head with you to strip and dummy up data engine room,invalid,-1
30,2,1951.9909536838531,True,1,0,<start> i <unk> to the library to check out this miniseries after having just finished listening to the marvelous talking books <unk> version of the book the first half of this tv version is really very good but it stumbles quite a bit in the second half the relationship with the <unk> is overplayed and conflicts are inserted between jean and joe that don't exist in story <unk> in my opinion as they greatly diminish the power of their love story i was disappointed and let down to find that the wonderful bryan brown's joe seemed a lot and much less appealing than the man in the book but helen jean was really quite good i think they would have had to make this a 10 hour miniseries to develop the <unk> story properly but all that said i did watch whole thing in more or less one go and did appreciate its merits all the while wishing that someone would do a less <unk> remake,negative,0
32,19,17545.715884923935,True,0,1,<start> artificial melodrama with a screenplay adapted by mel from his play the man concerns a get on house <unk> taking international relations and security network a bother <unk> who may be homicidal despite solid work from ida lupino and robert ryan both hear their best this tedious thread isn't very inventive within its one primary set which quickly becomes visually dull and <unk> cast of characters there international relations and security network however a smart <unk> who senses the worst hokey and humorless with a hokey way from plague <unk> possibly lupino should have replete stop where's all the suspense promised by the ads also served as a co producer 1 2 from,negative,0
40,11,10409.082051753998,True,1,0,<start> this movie was groundbreaking in the former and previous soviet union because it was the first movie released there that contained a real sex scene however the flick can be considered great for many reasons not and non the least and to the lowest and modest point of which is its true spirited portrayal of disillusionment and bother in the family of a working class soviet family 1 would definitely urge it,positive,1
42,3,2896.449374437332,True,1,0,<start> i'm torn about this show while most parts of it i found to be hilarious other parts of it i found to be stupid and simply shock for shock sake the off the wall parody of some of the cartoons are brilliant as indeed are a lot of the scenes with the children however i don't think it's clever getting little children to say rude things it's not that i think oh poor children they're being exploited it's just that it's really not clever it's something that anyone could do therefore making it as simple and pointless as making a paper airplane in order to make this show better they would have to stick to the natural responses from children which i think can be funnier than the scripted at time br br by far the funniest part of wonder is clarence the blue puppet who wonders around the streets talking to and annoying strangers it's really funny and it's mostly improvised seeing him in a long scene about the importance of patience examination the patience of an extremely patient man was by far and former armed forces the funniest scene in my opinion br br you should watch this show though because all in all it's very funny even if it is stupid at times,positive,1
43,6,5728.562181472778,True,1,0,<start> ok finally a horror film that's done well as soon as i heard the music i knew that some effort had been made in creating what i consider to be an almost masterpiece of good zombies whores booze grave <unk> and a lot more a great cast well acted well directed well written there was hardly a fault even the american actors with irish english accents really pulled it off i thought that the actor larry <unk> looked familiar to me it was that missing tooth finally i realized that this guy was the lead in habit a film about vampires in nyc i thought he was splendid in that role now i'm wondering if he's an american or not his accent was so convincing in i sell that i thought he had to have grown up in the <unk> isle not and non in the us well apparently he's a born and raised new yorker a great actor really made the role his own in this movie nothing beats a horror flick set in early 19th century europe like the old hammer film i encourage anyone that wants to have a great time to watch this well craft movie,positive,1
47,39,34485.88660407066,True,1,0,<start> lights of new york was the first all taking feature film coming in at a fresh <unk> minutes and directed by bryan <unk> of the famous vaudeville family br br the story has two dopey <unk> <unk> landis eugene palette yearning for a chance at big city life and getting involved with gangsters and <unk> booze one of the guys gets cast for the murder of a cop but is saved at the last minute by a heavy weapon and hit man moll gladys br br much of the story takes place in a night club called the night hawk which is run by a criminal named hawk wheeler who has his eye on a pretty costello who is the girl friend of landis costello gets to do a brief dance and we try harry <unk> made up to resemble ted lewis sing at <unk> in his serious al <unk> trend br br the acting range of mountains from good palette and to fearful a fellow of the actors <unk> their lines but then keep right on with the scene as noted elsewhere this was intended to be a short 2 <unk> and was made on a shoe draw budget yet the sound quality is surprisingly right the voices all record clearly and there equal a tasteful cinematic touch in the silhouette death br br the film was a box post hit even though it was shown as a silent film where theaters were not and non <unk> for the new sound technology no one expected this little film to gross and stark an awful 1 trinity million it briefly made stars of costello and landis and certainly set in motion palette on his long career as a star character actor br br co stars include mary carr as the mother robert elliott equally the detective eddie kane group a the street cop and joker cock <unk> every bit a thug,negative,0
50,27,24487.97779393196,True,0,1,<start> when i first saw ruin on against fear don't you just love <unk> movie titles i had to keep scratching my head was this meant to be serious why couldn't the main character even run like a normal person running much less like a star runner how did i know that the coach was evil only 1 minute into the film all of these questions and no answers then i just let the mindless script and the awful directing just carry me by it was light not to reject then the film became curious by the minute and i now rate it among my top ten junk movies from <unk> some have said here that <unk> richards is really talented just that the material was break i warmly differ not only can she not convince me that she's an <unk> she's walk wide eyed through the rest of the story like she's just landed on globe maybe the manager broke stunned of prison and finished her off at least integrity hope then,negative,0
52,2,1951.9539487361908,True,0,1,<start> br br as a fan of bad movies and mst3k and a member of i must say i've seen my share of them but geez even the worst i've seen at least had a soundtrack as george <unk> wanders around hong kong doing who knows what you can guarantee that you won't be distracted by any of that background music that fills todays cinema or any of that music that fills <unk> i don't think anyone in this film regular <unk> br br now this isn't entirely true there is a sound track if you listen closely you will hear it <unk> in about a half dozen times through the course of the film of course the timing will be entirely inappropriate and it doesn't last very long but something that could be classified as music does occur your best bet though is to sit your toddler armed with a wooden spoon down in front of the tv with a collection of <unk> and pans while you watch the rhythm and flow would be better than anything the film offers br br keep an eye out for sammo hung as a minor <unk> in this film aren't we all glad he found jackie chan to work with,negative,0
53,13,12223.399573802948,True,1,0,<start> extremely good cinematic story of gay and brave embittered former teen star now waiting tables the sexual <unk> are search here realistically and with an actual human present this and throw in a serial killer on the loose and you have love and the human remains a well portrayed and depict drama a strange sense of humor and a secret the screenplay is unstable and believable the performances are well above average and the twists in the story are sharp br br this certainly isn't everyone's saint notion of a movie only and merely for those who value something different and <unk> written it's very much worthy of your time extremely commend,positive,1
54,79,66204.6200208664,True,0,1,<start> never mind the serious logic gaps never mind the achingly cliche character portrayals never mind the haphazard writing and you might like this movie the main character <unk> was supposed to be endearing the heroine who you root for to be saved or in this case carry through herself but rather she merely <unk> and makes one wonder are all pro really that stupid her <unk> mother was obviously only necessity to further <unk> the illusion that ballet fellowship are vicious monsters ready to snatch your short innocent young girl from your grasp with an ever present biting artistic director baddie and the <unk> not entirely does she become <unk> an over the counter nut and a pathological liar but all in the course of a few month it's like the writer read every horror story he could dig up about ballet and decided to see how much he could cram into two hours with commercials br br believe it or not but i am a dancer this <unk> or <unk> of <unk> and that is happening is nonexistent at all of the dance train i have serve in fact the teachers are so scared to even suggest that a girl might stand a better chance a few pounds clear most of the dancers in my classes would be actually considered <unk> overweight i'm not expression eating disorders never take place but non to the extent as it was portray in the movie br br another get at problem this movie had was the mean value to an end composition style her on again off again fellow probably have all of half an time of day total screen time all in the first half the other supporting characters were just props <unk> to promote the story given the right dialogue this would have been a very intricate head study of a problem as information engineering is information engineering scientific discipline beat into a one woman show and kimberly <unk> doesn't suffer the <unk> to get out info applied scientific subject area scientific field of study forth br br to a non dancer this movie would be a supposed insight into what really run one behind close up doors at a concert dance company to a dancer this toll a very insulting movie which portrays a stupid and parents type a <unk> and ill inform those <unk> to a greater extent right find the people who got this on the atmosphere in the outset place 3 decade,negative,0
56,33,29533.98179626465,True,0,1,<start> ended all it was a real honorable image show though all the actor also jones sucked by the sentence i was half was dress it i was really getting encounter out of experience only switch i would have do to info applied science would to experience to a manner plate extent split mo backs maybe with the real cobb,invalid,-1
63,13,12223.387515068054,True,1,0,<start> i agree with the posters before that the characters were exceptionally strong and credible and all the actors at their top form i especially loved david boreanaz stretching in a part so unlike anything else he played proving once again his amazing gift for comedy the first part of the movie was light and funny the blackmail part was a bit surrealistic but interesting and it was all downhill from there br br i found it frustrating that at to the lowest and gloomy degree two out of the 3 girls keira and lisa get out of the blackmail betrayal <unk> free nary a trace left on their psyche i know the movie the dismal ending of the play and i am not saying i missed the murder part but i surely needed to see those two getting their comeuppance somehow and i was give <unk> in frustration with the ending it's why i gave it only and alone a 9 br br and atomic number 35 but decidedly an worry and care film,negative,0
65,58,49961.14570426941,True,1,0,<start> i don't normally and commonly go out of my way to watch romantic comedy and maybe i will in the future later run a risk upon take to me the plot was bare and nuclear number 102 whodunit after the promotion you don't have to be head to gauge what leave find after the blue and first 15 minutes what you can do is loose and rent the cast take you into a globe where the chemistry <unk> and the upright guys convey home the bacon and you can but laugh and have a considerably prison term one have and throw gender this movie and make the dvd get into and put put buzz off into cast,invalid,-1
66,4,3861.3600187301636,True,1,0,<start> a town in japan is being taken over by a horribly brutal abstract shape the spiral it's becoming a theme in everything from animals to clouds to people and twisting them mentally and literally this film shows it happening to several groups of people some demonic possession is implied but nothing is entirely sure except that the best bet is to get the heck out of dodge the film progresses really well from normal life to <unk> phenomena giant <unk> and crazy people to the truly supernatural walking dead br br as a jaded american horror movie fan this was just what i needed maybe it was just the novelty of a different <unk> film but it seemed to have a very original progression set of characters and the premise was definitely new the japanese may think horror shapes means spiral i'm told are old by now but it was nice for me because i'm used to monster alien virus disaster undead films in an american movie you know who's going to die the get at nasty lascivious racist characters and who will live the children heroine dogs cats nice guy that's not true in japanese horror it was not predictable how they would fight the evil or how it would end up also it had this really new but probably typically japanese color pacific northwest style <unk> day thing going which was a fresh visual effect for me the horrific moments were seriously creepy relying on a little gore but mainly just impossibly overdone facial expressions think the ring and body <unk> this should be one of the greats up there with once original and master copy ideas like the first nightmare on elm street or night of the living utterly,positive,1
67,71,60121.950317144394,True,1,0,<start> i just and exactly saw this movie on start in the take a making water and making water hours of the night i was realise the beginning with one eye open but or else and or else of drift dispatch to sleep i became invested in this dodgy nail acid of a movie it was very credible and take i could have tolerate without so much profanity as with every david mamet movie i witness but thoroughly enjoy the feel i know teen trust and rely but i don't need to listen to data technology anyways the story had some interesting and ask rage which ace won't lease on but if you possess a fortune to charm this movie on start out time one think you leave revel info technology as a owing deal and a lot type a one arrest and be,invalid,-1
76,11,10409.020751476288,True,1,0,<start> robert cummings <unk> day and jean <unk> star in and one was beautiful a 1940 film also starring billie burke at one hour and 15 minutes this looks to have been a b movie cummings is a playboy ridley crane whom many women desire including two sisters katherine and helen day and <unk> katherine is the more <unk> of the two who likes to fix cars and helen is the blonde social butterfly with the beautiful gowns ridley arrives back in town and believing he's not going to be at a party helen decides not and non to attend since the party is given by a family friend their mother burke sends katherine in a pinned up fit out ridley is there and the two connect but ridley is into more superficiality and when he sees helen at a dinner party the two pick up where they left off and go to a club he becomes terribly drunk and helen at first refuses to rag and get at in his car because he won't let her drive after walking awhile and breaking the heel of her shoe she gets into car when he drives by he passes out and she takes over the wheel accidentally hitting and killing a br br ridley can't remember anything so helen lets him take the blame for the death the heel of a woman's shoe is found in the car and katherine sees her sister bury her shoes plus something in <unk> manner makes her realize that helen isn't telling the truth ridley is convicted and goes to prison and helen marries a man she doesn't love and leaves for south america br br this is a wonderful film even though at the time this wasn't an a list cast cummings is playing a part that robert taylor would have played it's an mgm film he's handsome and very amiable even if he doesn't have the dazzling looks of someone like taylor <unk> day is a favorite actress of mine someone mgm <unk> out constantly because they didn't know what to do with her why i wonder a wonderful actress with a great face and voice she <unk> up many a film this one is no different her katherine make up determined sympathetic and totally lovely jean <unk> live a lousy and rotten actress br br so who was the beautiful one we all know even if mgm didn't br br highly urge little gem,positive,1
78,75,63195.29424762726,True,1,0,<start> after attack of the fifty foot woman with alison hayes opened the doors for women to be just as dangerous as men there was obviously an open market for other movies to pick up and carry the flashlight and what more a lovely actress than dorothy from it's a mad sore demented frantic world to play the role the is that cute and blonde may just be too angelic and innocent looking to step into allison size 50 shoes this role really needed someone with an amount of <unk> sex appeal is more the girl next door type she may have taken and done this role to prove she could be sexy but the fabric lets her down lou costello however proves he can do a movie without bud abbott eat him lines and he even a dramatic role in some of his scenes when he not and non turning to gale gordon as his front man for gags gordon however establishes that all he can be is <unk> <unk> and <unk> much the same character he creates later on the lucy show charles lane also plays the same role in everything he does a straight man and his screen time is limited the special effects are convincing for the time but one would have care dorothy to have been a little to a greater extent than <unk> and clip and at least and to the lowest and small degree have be allowed to become dangerous as the movie's lead character she takes second charge to costello who make up in all of the movie with dorothy various times disappear like a sub plot the whole movie put together just can't settle and make up ones mind if it's imagine to be scientific discipline parable a comedy or just and but a lampoon of the allison hay classic there's a destiny of good scenes some very funny humor and some real goofy and idiotic camp that affect the rest of the film still 1 do like this movie for it's <unk> of women there's non and non enough and plenty movies out there like this one if this movie had a encounter to be remade present i'd extremely recommend courtney cox and jason alexander in the lead roles and allow me to completely re write the original and pilot go across on courtney tops my name of actresses who crack believe could and should adequately play gorgeous although one have to admit that if either of the titanic function up allison or dorothy came by and by me i'd belong and go quietly and think over,negative,0
86,14,13103.869350194931,True,1,0,<start> personally i don't like a lot of b w movies but there's something magical about this movie br br the movie starts with elizabeth lane barbara stanwyck liz writes a magazine tower about how she's the of connecticut of course she's lying this becomes a problem when her publisher mr <unk> asks her to play host and drove to a dark blue sailor over christmas in addition mr <unk> who's going to be alone for christmas invites himself up to the farm for the christmas party from there things just go crazy br br since the movie is set on a new england farm the movie has a ardent holiday feeling plus the characters are hilarious mister and mister <unk> is always shouting orders and <unk> friend felix is forever yelling ' when affair go wrong finally the movie ends the way a christmas movie should end a jolly fat and rich man laughs and shouts what a christmas br br in short atomic number 102 affair what age you are you will make out this movie,negative,0
91,28,25343.810050964355,True,1,0,<start> well i tend to watch films for one of iii reasons alas there are atomic number 102 transformers in this film so i can recommend it simply and on the nose on comedy value and pretty bonnie and fair turn on read and translate girls br br yes it is funny 1 know this due to the number of people in the cinema who make up laughing on a steady and chill out foundation throughout personally though 1 have it away and aside data technology for laura fraser who imho is fit,negative,0
93,14,13103.863250017166,True,1,0,<start> this wonderfully witty comedy drama <unk> the crowd at the philadelphia film festival whipping them into wild applause at its conclusion by adept performances by a nuanced cast sturdy execution by director jeff hare a brisk pace and one of peter falk's best performances in years the film emerges as a loving homage to the highs and <unk> of family life br br falk excels as jewish morris a wildly eccentric shakespearean thespian who decides to end his life but not and non before rounding up his three grown children and throwing a big fat jewish suicide party the film <unk> with indelible delights there's <unk> room laura san passionate rendering of <unk> cynical daughter rapid fire comedic dialogue that recalls the work of neil simon and woody allen the wry timing of david <unk> who plays <unk> tightly wound <unk> son and <unk> patented egg <unk> but be careful drinking them too fast will cause a nasty brain freeze it's all <unk> in a feel good intimate atmosphere set in new york city br br director jeff rabbit proves to be a master <unk> drawing out memorable performances from his cast and <unk> the film a humanity i was fortunate to see an earlier film by rabbit the dark and powerful pure little man starring neal <unk> minority report as a los angeles man <unk> into madness the visceral grit of staring and the nostalgic breeze of checking out are a testament to <unk> <unk> and wide run talent i'm looking forward to checking out his future work br br i heard checking out lacks a distributor at this point some wise company would do well to pick up this crowd pleasing gem for it's a potential and likely box office <unk> in the vein of my big fat and productive greek wedding near <unk> data technology would give people around the world a opportunity to know the joys of this movie,positive,1
95,58,49961.095292806625,True,1,0,<start> an unusual film for an audience outside and outside the usa lena <unk> expression fabulous and so does ralph cooper there is not and non added background of pink steps as in other musicals so you do non and not hear the beat and amaze of the taps which is with child naturalism music is whole step down to take heed what dancing measure there are acting is a little stilted and the casts speak dumb and soft thus that you think the movie rival and adequate older than it live dress up are daring for the time in the dance procedure at the end a non bad and spoilt deal feels like you are part of an audience at a stage show what furniture you witness and viewer defend and map indistinguishable modern which sum up to the movies feel of other and other <unk> a must for all film buff and fan,negative,0
96,55,47502.78928756714,True,1,0,<start> i recently purchased lost horizon on ebay having vivid memories of the things i will non miss number from childhood i am an ancient 29 i also recently finished the novel upon which it is found i was so enjoyably storm to find a genuine hidden treasure a wonderful cast brings such fondness and depth to a beautifully simple and elegantly told story subtly updated from the original film and by now quite a separate entity to the far more intellectual and thought kick up book by james hilton sally kellerman in particular has a radiant presence as the suicidal mental case and mental case sally hughes who gradually <unk> to the charms of <unk> la only and but liv <unk> in her wooden portrayal of the <unk> a role former armed forces and former arm forces more become to a julie angel andrew type the fact that finch and <unk> are all dub isn't important every bit it is almost out of the interrogation to tell the songs do vary and change in quality the music being former and sometime build up forces and old arm forces victor to the words poem but it equal thrill out a vibrant and engage film that really deserve a right dvd supply and a lap and circuit to a greater extent realization,negative,0
97,84,69921.66171336174,True,1,0,<start> i remember this film it was the first off film i had watched at the cinema the picture was dark in places i was very nervous information technology was back in <unk> 75 my dad took me my brother sister to cinema in england i come back the tiger and the lots of wind and horn in candy and lead by the horn in and trumpet in in the celluloid also the appearance of <unk> adams actor dan i think one of the tiger gets shot and dies if anyone knows where to find this on dvd etc please last ball me lie with the cinema now has been turned in a <unk> companionship which equal and adequate a very adult sympathize with and put down as the favored cinema at formerly follow twenty miles outside and out of doors would have data technology by and forth to choice up from others who have fancy and take to to info applied skill this cinema or any other and late wish info applied scientific strike shoot,invalid,-1
98,67,57064.35452270508,True,0,1,<start> how any of you gave this more than 2 stars amazes me i made an account get into imdb just to comment on this <unk> p film the acting is <unk> p and the plot is <unk> p it would deserve no stars at all if it weren't for the descent soundtrack and yet there are still some outrageously <unk> tracks in there too most notably the ones feature the and sound like black and white cartoon comedy background music and in atomic number 102 way fit the intended mood of the fit that they haunt and quality photograph the dialog and plot are about as complex as that of a dr book these actors are ugly i am actually watching this movie right now and with every word am stunned you all swallow up this the only reason i didn't turn the movie off was because i have gotten wrapped up in creating associate in nursing account on imdb and station this review i dig mainstream films i grasp silly stupid films i shot retro indie films and nearly any other type genre if carried out well my brother win over me to rent this because he said he heard it was good and he generally has keen grasp in movies from the moment he told maine the title 1 bet at him like he was crazy i'm having a keen time ending this claptrap because there is just so much badness to talk about the alone way one can <unk> the serious ratings on here is that you guys were give to give this movie high ratings information technology is and then poorly father and atomic number 102 where finale to dramatic artsy complex upright written comfortably <unk> or even bearable if this was the final product of my hard directorial work i would be to embarrass to release information applied skill to the public and then sweep through don't even feel helen testament for the conductor if he register this what the perdition were you thinking guy,negative,0
112,87,72114.1959028244,True,0,1,<start> when my parents lease this movie i was carry a very funny movie as aroused quaid is very funny in comedy movies however this movie is not all that funny and it is somewhat slow too you can see the surprise number a mile away and it function long for a movie that is supposedly only eighty one minutes long so i can frankly say it is non a movie that is on my preferred list it may work for some people but information technology just figure out non work with me at all proving to be rather slow in the build up with virtually reckon that amused me within the entire movie aroused quaid is waste and the rest of the cast cost a list of identical smooth actors and actresses the assumption of the movie had potential as do the casting of quaid but all of data technology solitary <unk> and the comprehension of the horror element scarce look real unnecessary given the one dream chronological succession the kid had when he jumped on the bed and info technology dead became a <unk> of blood was identical nicely done and would have worked identical considerably in a movie that live supposed to be perfect repulsion instead of one that lists comedy nuclear count 33 information engine room science low genre,negative,0
113,33,29533.878398895264,True,1,0,<start> if you can watch a bring together film from 1983 that isn't as good as <unk> and still enjoy it br br if you can accept production values which aren't that much and often above the level of a tv movie br br if you can look at sean connery with <unk> on his frontal bone beneath an obvious and even see james stick br br if you can get past an inexperienced basinger a weaker largo and a jolly q br br if you can learn to have a go at it an idiosyncratic score not and non up there with barry on his baby and rugged day br br if you don't believe the <unk> reviews that it was recognize with on come out br br if you pot meet a poker battle and a video game face off and enjoy them both the same br br yours is never say never again and everything that's in data technology br and atomic number 35 atomic number 35 and what is more you'll probably and likely flavor data technology my male youngster,negative,0
120,2,1951.827850818634,True,0,1,<start> watching <unk> is the movie equivalent of trying to eat one's way out of a <unk> of <unk> <unk> for nigh unto three hours this indian film is a sticky sweet sentimental soap opera that starts off like king <unk> moves on to romeo and juliet in the middle section then heads back again to king <unk> for its tear soaked finale br br raj is a bank accountant who seems to have everything a man could possibly want out of life a wife who <unk> him a family who loves him and a job from which he is about to retire after a lifetime of faithful service even though raj and his wife <unk> have been married for 40 years and have four grown sons they still act like a couple of love struck <unk> and <unk> <unk> their eyes at one another and <unk> sweet <unk> into each other's ears almost to the point of nausea in fact the whole bloody <unk> is so happy loving and <unk> that they make the von look like a dysfunctional family in comparison the parents and children joke together laugh together even perform <unk> choreographed spontaneous song and dance numbers together like many bollywood productions <unk> is a drama interspersed with a great number in this case far too great a number of musical sequences br br anyone who knows anything at all about storytelling is aware that such <unk> bliss can not be allowed to go <unk> for long and that all that joy is merely the <unk> to some awful catastrophe destined to come crashing down on the heads of our unsuspecting <unk> knowing this we spend the first hour of the film in fearful expectation wondering just what form that disaster will take when it does finally arrive the occurs about an hour into the film when raj announces to his children that he and their mother have decided to move in with one of their families leaving the choice of which one it will be up to the kids and their respective spouses suddenly like king <unk> discovering the <unk> hidden in the familial <unk> raj finds out that his children are not quite as loving <unk> and eager to share their homes and lives with their parents as he had originally thought understandably horrified at the prospect the kids in order to foil their parents' plan come up with a scheme in which raj will go live with one of their children while <unk> will live with another then they will switch off until eventually each of the children has had a chance to host both parents and then the cycle will repeat itself ad <unk> much to the chagrin of the kids the parents <unk> to the plan even though the two are deeply in love with one another and have never spent any time apart thus the second and most of the third hour are spent with the two aging albeit married lovers <unk> away for one another while their <unk> insensitive little <unk> do everything in their power to make their parents understand how <unk> they are in their homes br br one of the major problems with <unk> is that it lacks subtlety in both its storytelling and direction the love that ray and <unk> feel for one another as well as the almost giddy <unk> of the family unit is laid on so <unk> in the first hour that the film almost collapses under the weight of the sentimentality then virtually without any warning the screenplay turns on a dime and <unk> the kids into callous self centered monsters and the parents into passive whiny victims of that <unk> raj and <unk> are a little too long in the tooth and a little too self <unk> to be doing the dreamy eyed <unk> <unk> love bit more appropriate to <unk> school kids than the parents of four grown children the purple prose style in which every emotion is <unk> and highlighted leads to intense overacting and a heavy reliance on corny reaction shots and melodramatic music for <unk> the musical numbers convey a certain <unk> joy in the beginning but they go on for so long and turn up so frequently that they quickly lose their effectiveness and serve only to pad out the real to <unk> proportions at least a full hour could be <unk> from this bloated production with no discernible harm being done and quite a bit of good there really is no reason why this film needs to drag on for a punishing three hours most <unk> of all is the seemingly endless <unk> we are subjected to an the end a speech in which raj who has somehow managed to turn his experiences into an award winning <unk> lectures us all on the of parent child relationships for ten straight minutes at the very least br br <unk> is a sappy corny saga filled with more sugar and goo than a king sized box of <unk> <unk> sample at your own risk,negative,0
121,3,2896.303619861603,True,0,1,<start> mr wonders if this movie was produced by the same who produced the <unk> z tv series of course not br br this is a hong kong real action movie based on the first episodes of the japanese original cartoon which was also based on a comic book series and i really don't know if it was produced under the license of the <unk> creators br br however the story of the monkey boy with special powers is an ancient tale known all over asia in japan the name of the boy in the tale is in china it is in korea it is etc and the story in <unk> has much to do with that tale br br by the way as i said this movie is based on the first episodes of the <unk> series which was followed by <unk> z although i think the us version had a different airing order and all the scenes related to sexuality were also contained in the original cartoon series without so much overacting and so much insistence on it but because of your comment i may suppose they were completely removed in the american dubbing br br anyway i agree with you about the overacting in the film and about how poor this adaptation of the original cartoon is but maybe because of that nobody can forget it subsequently watching it,negative,0
125,6,5728.409757614136,True,1,0,<start> i first saw this short when i bought a random dvd of short films a while ago this is the only and exclusively little on the dvd i liked but i don't just like it i love it if you spend any amount of time with me you will see it it is beautiful simple and passionate no bells no <unk> it could have been done with a but don't get me wrong the animation is elegant and insightful this person clearly spent plenty of time with cats but it is simply black and white and then there is compose and the music it is simply beautiful br br i eat chocolate drink wine and watch it over and over again br br nothing else count i wait for pedro to come up with something else,positive,1
130,80,66955.09838104248,True,0,1,<start> i love sci fi and ma willing to put up with a lot sci fi movies tv are normally <unk> under value and misunderstood 1 tried to like this ace really did but information technology is to good tv sci fi as babylon 5 is to star trek the original silly <unk> cheap composition board sets stilted dialogues cg that doesn't match the background and sorely single dimensional characters cannot be overcome with a <unk> <unk> setting i'm sure there are those of you out there who think babylon 5 is sound sci fi tv it's not it's clichéd and uninspiring while us viewers might like emotion and character exploitation sci fi make up a genre that does non take itself seriously <unk> sensation trek information technology may similar for important issues yet non as a serious philosophy it's really difficult to worry about the characters here as they are non simply foolish scarce missing a touch off of life their actions and reactions are wooden and predictable often wicked to watch the makers of earth know it's trash as they have to always say gene <unk> earth other than people would non continue watching <unk> ashes must be turning in their area type a this dull punk poorly edited watching information engine room science without ad break rightfully make for this home <unk> of a show <unk> into space raider indeed tap pile forth a head type and then bring him back every charm another representation player dallas wholly over again,negative,0
132,8,7579.637366771698,True,0,1,<start> wow even american idol and so you think you can dance have more adult stuff now than wwe at least the <unk> has a number of people abusing the judges and here is wwe plodding with one of the worst moves in tv history by changing itself into pg now when i switch sometimes to see what's going on this is what i get br br 1 the ugly midget sharing his space with the main for apparently no reason except for thrilling the young fans and of course beating chavo guerrero a capable wrestler in every match br br 2 a guest host every week to spoil the of fun which was otherwise present all these host are cheap b grade <unk> trying to <unk> to fame again by cracking horrendous 5 year old jokes and making silly references br br 3 time and a female wrestler forgot her name most probably eve giving lessons on various street words sob which are neither street nor cool they were play before stealing stuff and being loud mouths br br 4 the <unk> are clad in unwatchable outfits tying their best to look sexy smart and powerful by the way i hate this <unk> remember when <unk> trish and <unk> were there those were the times plus these <unk> are bad wrestlers which contribute to the misery i have seen some old matches of wwe in vintage collection and the <unk> over there were professional not amateur br br 5 pg move <unk> so many things almost no blood during matches <unk> being terribly irritating john cena doing even more of his patriotism act crowd containing many children who are so annoying almost no heels etc br br 6 and yea why keep so often one in every month have they lost it no actual feud or rivalry is ever created and the ones that are done look fake and just till the ppv gets over ones br br 7 vintage michael cole and a few of his quotes br br ladies and gentlemen you are watching the longest running television show in history every week br br the brutal and vicious assault by he doesn't use it for anyone else randy <unk> legacy br br a vicious attack on stephanie triad <unk> husband br br wwe is today almost towards its demise trust vince gets up from his slumber and does something bring back the tv 14 or attitude era 2 out of ten for the current state of wwe,negative,0
138,4,3861.2258105278015,True,1,0,<start> there are few films that deal with things that i would consider myself an expert on this one is br br after some years of fantasy role playing we split me not leaving without a sense of shame of what i had become a <unk> br br you see these things are really <unk> it happens to everybody br br first you create a character fairly and it dies after the first attack br br then you help a little with the constitution and while you're at it why not help with strength intelligence <unk> charisma and <unk> too this in turn <unk> the game master who doesn't know how to deal with this invincible gang and after a while it bores the players too so they start to create ever more exotic race profession <unk> no matter how ridiculous it is br br i created a warrior monk yeah not that far from the film br br and that's not all to be said about the <unk> of the inherent dynamic of this devilish game think the hunt for experience points but just watch the film it shows it all and of course the stupidity of its virtually basic br br for this end in turn there is no better profession than the <unk> i don't exactly understand why the <unk> became a character in the first place after all the <unk> is none but once it became one it had to be <unk> into the game flow that is it had to be made lethal at least indirectly the poking of fun out of this never comes to an end and rightfully so br br sure it's not exactly a professional production but i haven't seen a better satire in historic period,positive,1
143,35,31176.3739464283,True,1,0,<start> this film is what most of the industry has forgotten how to make family entertainment meaning something which is enjoyable to people of all mature this particular wallace <unk> can be enjoyed by everyone from <unk> who like the colour in and cute <unk> to their grandparents who sympathize and sympathise the adult references br br this film has direction as near as any i've ever seen and i mean that literally it be also mob with tiny and dwarf bits of humor and each scene has so many humorous details in the background that i'm going to have to buy it if only and alone in order to read all the centre and in w <unk> world br br i plan to see this movie at to the lowest and down in the mouth degree and to the lowly and modest grade double to a greater extent in theatre of operation then buy and buy it on dvd you too should guess it,positive,1
144,58,49961.00609922409,True,1,0,<start> first off let it be known that i came into this movie not for the music actually i find it repugnant really i was interested in the psychology of the punk <unk> on this point the documentary did fairly well one <unk> aspect was the numerous scenes in which songs are played and the hype up band and <unk> crowd are shown running amok if you've seen the first such scene you've seen them all this is party made up for by <unk> lyrics for some of the songs with these the audience is able to somewhat connect mentally with the band the words are of far more interest than the confuse of sounds <unk> from the speakers i don't know why all the words were not and non printed scenes without speech poem dense and inert wry eh given the many references to the speed of the music the flow of the movie also insightful represent the interviews with fans and dance circle though there equal a dashing hopes and dashing hopes when the latter band's interviews rise to be non and non nearly as transport or humorous as the first two overall a good movie that i'm glad i saw i'll check out the follow up if nail ever get a chance br br preferred quote he tried to hide the fact that he couldn't play by rubbing <unk> butter over himself and breaking chalk br br extensive punk <unk> though their miss of vocabulary and <unk> and drug cause and induce follow frequently hilarious in the end it follow sympathize that punk are just and scarce silly and unworthy <unk> who rebel barely and hardly for the sake of revolt as consider through sophomoric words and naive attempts to <unk> and <unk> black iris who are slightly less lead astray than their equal,negative,0
147,25,22777.516403913498,True,1,0,<start> this movie is a must see for any war movie buff one of the greatest movies of all time and load up with great quotes such as br br if i say its safe to surf this beach captain then and and so its safe to surf this beach br br smell that you feeling that gig what <unk> son zero in the world tone out like that i love the feeling and finger of <unk> in the morning you know one time we had a hill bombed for 12 hours when it was all over i walk up we didn't find one of 'em non one <unk> <unk> organic structure the smell you screw that <unk> sense and experience out the whole hill <unk> like victory someday this <unk> gonna end,negative,0
149,2,1951.7820675373077,True,0,1,<start> my friends and i rented this movie <unk> it for another one about <unk> <unk> steve <unk> as an action hero is hilarious the movie is so incredibly predictable and over the top that it ended up being a laugh fest even though i gave it a 1 10 this movie should be seen especially if u manage to catch information technology on tv anywhere,positive,1
150,60,51535.51921224594,True,1,0,<start> at times the mainstream news media seems to be labor by a crowd of atomic number 102 einstein reporter in that they just listen to each other and report what others report br br this objective depict what can be found if some to a greater extent reason is put into the task of reporting about something br br true word media should be about leave the people with different view on affair that find so that they have a fair and average gamble of creating an make opinion br br this objective together with mainstream mass medium report will help you with this at to the miserable place and to the chagrin and down in the lip point for me it supply a heap of relevant info regard the purpose need behind the at once frequent and tell on human race wide and extensive protests at different political,invalid,-1
151,39,34485.694333553314,True,1,0,<start> it's a good watch if u have time consider with triad friends who get into a gratuitous and free bar fight and get into serious and good trouble they find themselves fighting some dim people and can't deal with very very disturbing portrayal of japan the <unk> of modern life some bright and promising shot but a bit of a potboiler br br the spoiler was that the plot is not and non too sack up and top establish on english sub titles obviously i don't know japanese br br the alone and simply other japanese movies i've seen be kurosawa who is a different and far <unk> than this modern genre so can't really compare other than and other than info technology comparison better and comfortably with near hollywood ruin and ruin hit for story secret plan and buildup br atomic keep down and depressed 35,negative,0
153,25,22777.510982751846,True,1,0,<start> if you love vampire traditional knowledge and ra a fan of gothic horror then you might want to check out midnight i did not know much about this movie before i watched it and i wasn't expecting much and practically but i found the movie to be fun and entertaining br br leading armand <unk> as the leader of the vampire simon separates itself from other low budget vampire movie by tissue in the mythology of st george and the dragon and quick lizard in a play new way br br i'm non and non trusted what the budget for this movie was but star sense that if it was a little more then they might have really been able to hit home the gore and core br br if you're up late and deep one night and you're in the mood for a play depressed and polish in the talk budget vampire flick then midnight is a upright prime,positive,1
155,17,15770.950375556946,True,0,1,<start> this movie is one of the poorest adaptations of a fabulous book that i've seen jean george's newly is a wild book that 1 think is an prominent read for whatsoever child 1 can't apply the like <unk> to this motion scene,negative,0
157,26,23637.263252735138,True,1,0,<start> there are a few aspects to <unk> movies and in particular wallace <unk> that i would say make them so great the first is subtlety and observation the <unk> of which is the character of <unk> he doesn't speak he doesn't make any noise all he has are his eyes brow and body <unk> and with these he commands the film park manages to give us everything we need from this silent character through his expression the comedy and the emotion is conveyed through the of movements and it works superbly well br br watching the movie you have to be aware of the entire screen normally you'll be guided to things in the movies the screen won't be <unk> too much there won't be many things to take your eyes away from the main clue or action park seems to need to look the other way with his movies he throws extra content at his audience there's action in the background to the side of the screen even off screen and there's just about always something in the foreground to catch your eye his movies are about multiple viewing and discovery they're layered with jokes and <unk> action br br throughout this film there are layers of things happening on screen jokes in the foreground maybe on a jar label and background shadows that give away action you can imagine that for park the movies has always been an event and the movies he loves are ones which he wants to watch again and again this is what shows in his movies and in through his most beloved characters br br then there are the bizarre and wacky inventions which wallace make something which is reflected in the storyline and the twists and turns of the plot everything is bizarre and off the wall yet it seems so perfectly normal in this world you can imagine that inside park is the mind of wallace br br there's also one more thing that make these movies so unique and that's the <unk> and precise hand animation i must admit i was concerned when i knew dreamworks was involved in the making of this movie and i thought that they would bring their computer animation experience to the <unk> what i was scared of was wallace <unk> becoming cgi <unk> or at the smallest cgi being used to clean up the feel that the <unk> brought to the movie br br not so you can still see and on the characters and far from distracting from the movie this just adds so much real feeling to it and a feeling of physical depth to the characters and the scene on screen br br so what of the movie well i must say that the plot twist was something i had thought about well before the film was in the cinema and it came as no surprise but that did not affect my enjoyment one little bit actually watching the twist unfold and the comic timing of the discovery and reactions was everything and it had me just as sucked in as if it was a thriller yet all the time i was laughing br br watching the movie was fascinating in various ways to see the animation completed how wild the inventions are how wallace is going to get into trouble and <unk> get him out where all the cross references are in the movie and where all the jokes are i must admit afterwards talking with my friends i couldn't believe how much i had missed br br there's something different in this movie than with the others there's a new level of adult humour in here and i don't mean rude jokes although there are a couple that are just so british you can't help laughing i mean jokes that simply fly over kids heads but slap adults in the face the kind you are used to seeing come out of somewhere like pixar this just lend even more appeal to the movie br br okay though let me try and be a bit negative here i didn't notice the voices in this movie you know how you usually listen to the actors and see if you can recognise them well i was just too wrapped up in the movie to care or to notice who they were okay that's not negative let me try again the main plot wasn't as secure and gripping as i'd expected and i found myself being caught up in the side stories and the characters themselves again that's not a bad thing the film was just so much rich entertainment br br i honestly can't think of a risky thing to say about this movie probably the worst and bad thing i could say is that the title sequence at the end is quite repetitive until the final title really that's the bad and whip i can say br br the story is a lot of fun well set up well written considerably executed there's <unk> of fantastic characters in here not just and merely wallace <unk> there's so much happening on screen so many references and jokes check out the dresses of lady cheese jokes everywhere jokes for all the family the characters are terrifically gripping and you'll find that you've taken to them before you realise there's scarcely and scarcely so much in this movie for everyone br br there's so much and a large raft i could say and write about but i know it will quickly and readily turn into a <unk> exercise for park and <unk> it would also only turn into a serial of this bit was really funny and there's a bit when and what i would rather do is tell you that this is a magnificent movie to go see information technology and to experience the whole thing for yourselves i will say though that the <unk> are splendid,positive,1
160,12,11339.402737140656,True,1,0,<start> take someone you love or want to love and go see this film br br it touches you in all the right places br br all the other and former reviewers here and hera have said it all br br perhaps and maybe the cynical will not be impressed br br they only and sole seem to like the stuff that leaves you depressed for days br br this film is <unk> run to rest with you for life br br i am so <unk> that the director is not and non <unk> trail br br this <unk> my premise that there is too much mediocrity and <unk> in film these days br br it is because of the <unk> brain and <unk> br atomic number 35 hooray for jeff rabbit and richard marcus cast and crew well make,negative,0
168,18,16661.868383169174,True,0,1,<start> first thing i note is the music it's nothing as amazing as <unk> <unk> cannibal <unk> haunting theme or the masterpiece waltz from a tale of two sisters but i don't let that stop me so early in the film br br one must assume that the woman researching her <unk> for her <unk> <unk> that cannibalism as a organized practice has never existed one would think they must take into the consideration that they are wrong and prepare for the trip accordingly right or why go at all if you already believe the <unk> to be true before even being tested that's fairly unbelievably ignorant and makes the movie seem that much more unrealistic and badly scripted br br that actually is similar to the <unk> <unk> film just totally ill prepared no guns no decent hiking clothing just nonsense through and through br br people don't go on trips like this for college without months of planning and preparation br br but i digress br br things don't get off to a very good start for our brave yet stupid <unk> as they <unk> to miss a <unk> and their <unk> pet <unk> falls out of the truck nearly to it's demise then to fall into a mud hole well i guess it's time to walk br br okay then they flip a coin to see whether they keep going or forget the whole thing how does that scene even make any sense all their conviction rests on the flip of a coin after they must've spent time and money and preparation just getting out there this just keeps getting worse some of the worst acting and scripting and music ever concocted for the film industry br br mike talks about how he and his friend's were captured by the cannibals and put into <unk> in mud pits with 3 inch long <unk> sucking on their blood i found that interesting because if you remember the first cannibal they run into in the jungle a man they mistake as a simple native is sitting on the ground eating such <unk> wonder if they are the same ones really though this movie is just terrible because the script is horrible and the acting is emotionless considering the content they just agree to off themselves rather then get eaten by cannibals like it's no big decision br br obviously mike is insane but just like in the first movie they treat the natives with such terrible behavior it's simply unrealistic br br <unk> <unk> movie easily feels the americans got what they deserved while in this movie one can hardly blame the natives for what <unk> the americans yet again br br and because of that the movie feels somewhat pointless we already got the point from the first movie so why was the sequel made the name is rizzo could it get any big <unk> with movies such as these when you look up the cast you find they haven't really acted in much other films and their <unk> are all but non existing so you can imagine i was surprised to find giovanni <unk> in this movie who was in scorsese's gangs of new york now lt rizzo looked familiar and i found he was in the 2002 movie spiderman as a very tiny role as a <unk> captain reminds me of how william shatner went from being the <unk> on the <unk> enterprise to a cop in a car irony sometimes irony works out shatner never could get the music right until his recent album has been which is really good just like <unk> of <unk> never could get a haircut right and dan <unk> never could win no br br sometimes irony is just sad like christopher reeve elvis can't take the air irony the man will always be a fiction though because he was such a great guy i digress yet again though br br at this point you give the sack tell i'm fairly tire of even discussing cannibal <unk> br br cannibal <unk> message was about who are the real savages and what is truly evil what the savages do in natural living unknown to our lesson records or what we do to others with malicious intent cannibal message seem to be <unk> careful what you go looking for for you just might find it ' unity will say this for cannibal <unk> when gloria comes back and writes her <unk> <unk> that cannibalism does not exist she redeem others who would be curious and go where angels fear <unk> but overall this movie was really bad br br ten,negative,0
171,39,34485.66195607185,True,1,0,<start> the egyptian is set during the reign of one of the most fascinating figures of the ancient world the <unk> who thirteen centuries before christ attempted to introduce a <unk> religion to ancient egypt the main character however is not but rather the fictitious as a baby is found mysteriously floating in a basket on the river <unk> and adopted by the physician and his wife when he grows to manhood he follows his adopted father into the medical profession initially working as his father did among the poor of the city but he comes to <unk> after he and his friend the ambitious young soldier save the <unk> life while on a hunting expedition in the desert is appointed court physician but becomes obsessed with the <unk> <unk> not only ruins himself in a vain attempt to win her love but is also <unk> when his neglect of his duties means that he is unable to save the life of daughter br br flees into exile where he achieves success as a <unk> in <unk> countries but returns to egypt when he learns of a <unk> plot to <unk> although readily forgives him for his previous finds the country in turmoil the <unk> attempts to introduce a new religion have led to civil strife between his followers and those of the priests of the old faith and he is too pacific by nature to take any steps to confront the <unk> threat becomes <unk> in a plot by now the general of the egyptian army and sister princess to overthrow the <unk> and replace him with a more effective monarch br br the film's weaknesses arise mostly from its two romantic subplots in the course of the film is revealed as the long lost son of the previous <unk> and half brother to and it might therefore surprise a modern audience that she should fall in love with him marriage between brothers and sisters were not necessarily considered as incestuous by the standards of egyptian royalty but the standards of 1950s cinema audiences were generally less liberal on this point in any case the love triangle is an unnecessary <unk> and detracts from role in the film that of the voice of cold eyed cynical br br the subplot which takes up most of the first hour of the film is <unk> and excessively melodramatic is morally worthless but fascinating and the role needed an actress of great beauty and also great dramatic skill to make her credible especially as achieves the difficult task of winning away from a woman as lovely as jean simmons who plays merit rival for her affections it is therefore unfortunate that the role went to an actress as comically inept as <unk> whose only <unk> was that she was the mistress of the producer darryl f <unk> was not only a wooden actress but also spoke with a thick foreign accent made even more incomprehensible by a <unk> she was not even particularly attractive by comparison with the two legendary hollywood beauties in the film simmons and gene tierney who plays br br the film is better when it concentrates on its main political and religious themes the other actors are better than although peter ustinov as servant makes the same mistake as in <unk> that of trying to bring comic relief into a film that does not need it his voice anyway was far too <unk> for a comic servant role br br edmund <unk> a little known british actor was thrust into the main and independent role when marlon brando pulled out at the last minute but more than adequately fills the heavy man's shoes even though his style of acting was quite different he <unk> well with the challenge of showing the changes in character from <unk> <unk> to <unk> fool to embittered cynic to the enlightened visionary of the final scenes victor mature was never the most expressive of actors but he is well suited to the role of a practical down to earth man of action he is better here than he was in his other epic from 1954 and the <unk> simmons is <unk> beautiful as merit br br michael <unk> <unk> best known to me as the second mr elizabeth taylor plays atomic number 33 a would be philosopher king who ends equally a sort of holy fool his inability to make difficult decisions makes him an <unk> ruler but he has a prophetic vision of peace and justice which lend him an air of moral greatness far and former armed forces beyond those who hope to replace him on the throne although had more in common with the supreme being of the than with the old testament <unk> or the christian god there is a quite deliberate attempt to draw parallels between and christianity in the film the symbol is the doubtless chosen because of its resemblance to a cross but in reality it was a vulgar and coarse egyptian for life non and non singular to language often has a biblical ring to it his comparison of himself to wind whistling in the desert recalls john the voice crying in the wild hence the title of this review finding in the river parallels the old testament story of moses br atomic number 35 at the end of the film who has become the <unk> of the look of the dead achieve a moral and lesson greatness of his own and have the subject matter of the film is that while we may need practical and virtual men of action like we also need <unk> and <unk> who are prepared to ask the question why for all its mistake the egyptian is a film which equal sublime and humanistic in its approach to both religion and politics seven rapture,positive,1
