,Time,episode id,is success,seed,method_combi
0,03-22-19-14,7,0,1,RANDOM random
4,03-22-19-49,7,0,2,RANDOM random
8,03-22-20-25,2,0,3,RANDOM random
12,03-22-20-37,13,0,4,RANDOM random
16,03-22-21-11,14,0,5,RANDOM random
20,03-22-21-53,8,0,6,RANDOM random
24,03-22-22-31,39,1,7,RANDOM random
28,03-23-01-20,19,0,8,RANDOM random
32,03-23-02-53,3,0,9,RANDOM random
36,03-23-03-21,8,0,10,RANDOM random
40,03-23-03-55,14,0,11,RANDOM random
44,03-23-05-16,6,0,12,RANDOM random
48,03-23-05-46,31,0,13,RANDOM random
52,03-23-08-44,21,0,14,RANDOM random
56,03-23-09-33,1,0,15,RANDOM random
60,03-23-09-43,4,0,16,RANDOM random
64,03-23-10-20,39,1,17,RANDOM random
68,03-23-11-29,5,0,18,RANDOM random
76,03-23-12-12,36,0,20,RANDOM random
80,03-23-13-34,4,0,21,RANDOM random
84,03-23-13-52,7,0,22,RANDOM random
92,03-23-14-43,31,0,24,RANDOM random
96,03-23-15-47,10,0,25,RANDOM random
100,03-23-16-44,3,0,26,RANDOM random
104,03-23-17-24,24,0,27,RANDOM random
108,03-23-18-11,3,0,28,RANDOM random
112,03-23-18-38,4,0,29,RANDOM random
116,03-23-19-09,5,0,30,RANDOM random
120,03-23-19-37,19,0,31,RANDOM random
124,03-23-20-41,7,0,32,RANDOM random
128,03-23-21-01,19,0,33,RANDOM random
132,03-23-23-39,10,0,34,RANDOM random
136,03-24-00-23,2,0,35,RANDOM random
140,03-24-00-35,22,0,36,RANDOM random
144,03-24-01-42,15,0,37,RANDOM random
148,03-24-02-46,6,0,38,RANDOM random
152,03-24-03-16,10,0,39,RANDOM random
160,03-24-03-55,30,0,41,RANDOM random
164,03-24-04-53,13,0,42,RANDOM random
172,03-24-05-35,6,0,44,RANDOM random
176,03-24-06-40,17,0,45,RANDOM random
180,03-24-07-26,1,0,46,RANDOM random
184,03-24-07-37,21,0,47,RANDOM random
188,03-24-08-30,9,0,48,RANDOM random
192,03-24-09-29,38,0,49,RANDOM random
200,03-24-10-56,6,0,51,RANDOM random
204,03-24-11-14,6,0,52,RANDOM random
208,03-24-11-51,7,0,53,RANDOM random
212,03-24-12-25,38,0,54,RANDOM random
216,03-24-13-59,8,0,55,RANDOM random
220,03-24-14-38,39,1,56,RANDOM random
224,03-24-16-26,2,0,57,RANDOM random
228,03-24-17-02,21,0,58,RANDOM random
232,03-24-18-11,4,0,59,RANDOM random
236,03-24-18-41,12,0,60,RANDOM random
3,03-22-19-44,3,0,1,XAI attention_opposite FSC
7,03-22-20-14,8,0,2,XAI attention_opposite FSC
11,03-22-20-34,1,0,3,XAI attention_opposite FSC
15,03-22-21-05,4,0,4,XAI attention_opposite FSC
19,03-22-21-45,5,0,5,XAI attention_opposite FSC
23,03-22-22-16,11,0,6,XAI attention_opposite FSC
27,03-23-00-33,39,1,7,XAI attention_opposite FSC
31,03-23-02-29,18,0,8,XAI attention_opposite FSC
35,03-23-03-10,8,0,9,XAI attention_opposite FSC
39,03-23-03-40,11,0,10,XAI attention_opposite FSC
43,03-23-05-04,9,0,11,XAI attention_opposite FSC
47,03-23-05-41,3,0,12,XAI attention_opposite FSC
51,03-23-07-58,39,1,13,XAI attention_opposite FSC
55,03-23-09-27,4,0,14,XAI attention_opposite FSC
59,03-23-09-40,1,0,15,XAI attention_opposite FSC
63,03-23-10-03,13,0,16,XAI attention_opposite FSC
67,03-23-11-25,2,0,17,XAI attention_opposite FSC
71,03-23-11-42,1,0,18,XAI attention_opposite FSC
79,03-23-13-07,22,0,20,XAI attention_opposite FSC
83,03-23-13-48,2,0,21,XAI attention_opposite FSC
87,03-23-14-19,6,0,22,XAI attention_opposite FSC
95,03-23-15-35,9,0,24,XAI attention_opposite FSC
99,03-23-16-33,8,0,25,XAI attention_opposite FSC
103,03-23-17-12,9,0,26,XAI attention_opposite FSC
107,03-23-18-06,3,0,27,XAI attention_opposite FSC
111,03-23-18-24,11,0,28,XAI attention_opposite FSC
115,03-23-19-04,3,0,29,XAI attention_opposite FSC
119,03-23-19-28,6,0,30,XAI attention_opposite FSC
123,03-23-20-26,11,0,31,XAI attention_opposite FSC
127,03-23-20-58,1,0,32,XAI attention_opposite FSC
131,03-23-22-47,39,1,33,XAI attention_opposite FSC
135,03-24-00-06,13,0,34,XAI attention_opposite FSC
139,03-24-00-32,1,0,35,XAI attention_opposite FSC
143,03-24-01-16,20,0,36,XAI attention_opposite FSC
147,03-24-02-28,14,0,37,XAI attention_opposite FSC
151,03-24-03-11,3,0,38,XAI attention_opposite FSC
155,03-24-03-40,4,0,39,XAI attention_opposite FSC
163,03-24-04-44,6,0,41,XAI attention_opposite FSC
167,03-24-05-16,1,0,42,XAI attention_opposite FSC
175,03-24-06-09,24,0,44,XAI attention_opposite FSC
179,03-24-07-12,11,0,45,XAI attention_opposite FSC
183,03-24-07-34,1,0,46,XAI attention_opposite FSC
187,03-24-08-21,6,0,47,XAI attention_opposite FSC
191,03-24-09-16,10,0,48,XAI attention_opposite FSC
195,03-24-10-27,5,0,49,XAI attention_opposite FSC
203,03-24-11-11,1,0,51,XAI attention_opposite FSC
207,03-24-11-39,9,0,52,XAI attention_opposite FSC
211,03-24-12-22,2,0,53,XAI attention_opposite FSC
215,03-24-13-36,19,0,54,XAI attention_opposite FSC
219,03-24-14-27,8,0,55,XAI attention_opposite FSC
223,03-24-15-38,39,1,56,XAI attention_opposite FSC
227,03-24-16-44,14,0,57,XAI attention_opposite FSC
231,03-24-17-51,16,0,58,XAI attention_opposite FSC
235,03-24-18-36,3,0,59,XAI attention_opposite FSC
239,03-24-19-16,15,0,60,XAI attention_opposite FSC
242,03-28-09-56,9,0,1,XAI attention_opposite GC
245,03-28-10-25,7,0,2,XAI attention_opposite GC
248,03-28-11-23,1,0,3,XAI attention_opposite GC
251,03-28-11-38,6,0,4,XAI attention_opposite GC
254,03-28-12-16,5,0,5,XAI attention_opposite GC
257,03-28-12-32,3,0,6,XAI attention_opposite GC
260,03-28-13-39,39,1,7,XAI attention_opposite GC
263,03-28-14-35,5,0,8,XAI attention_opposite GC
266,03-28-14-48,3,0,9,XAI attention_opposite GC
269,03-28-15-00,3,0,10,XAI attention_opposite GC
272,03-28-16-00,39,1,11,XAI attention_opposite GC
275,03-28-16-56,4,0,12,XAI attention_opposite GC
278,03-28-18-28,39,1,13,XAI attention_opposite GC
281,03-28-19-29,9,0,14,XAI attention_opposite GC
284,03-28-19-44,9,0,15,XAI attention_opposite GC
287,03-28-20-19,8,0,16,XAI attention_opposite GC
290,03-28-20-55,9,0,17,XAI attention_opposite GC
293,03-28-21-12,1,0,18,XAI attention_opposite GC
299,03-28-21-38,8,0,20,XAI attention_opposite GC
302,03-28-21-59,2,0,21,XAI attention_opposite GC
305,03-28-22-17,2,0,22,XAI attention_opposite GC
311,03-28-22-41,7,0,24,XAI attention_opposite GC
314,03-28-23-02,6,0,25,XAI attention_opposite GC
317,03-28-23-28,1,0,26,XAI attention_opposite GC
320,03-28-23-51,5,0,27,XAI attention_opposite GC
323,03-29-00-11,2,0,28,XAI attention_opposite GC
326,03-29-00-37,2,0,29,XAI attention_opposite GC
329,03-29-00-55,2,0,30,XAI attention_opposite GC
332,03-29-01-09,4,0,31,XAI attention_opposite GC
335,03-29-01-30,22,0,32,XAI attention_opposite GC
338,03-29-02-13,6,0,33,XAI attention_opposite GC
341,03-29-02-31,8,0,34,XAI attention_opposite GC
344,03-29-02-46,1,0,35,XAI attention_opposite GC
347,03-29-03-08,9,0,36,XAI attention_opposite GC
350,03-29-03-37,6,0,37,XAI attention_opposite GC
353,03-29-04-15,9,0,38,XAI attention_opposite GC
356,03-29-04-33,6,0,39,XAI attention_opposite GC
362,03-29-05-17,3,0,41,XAI attention_opposite GC
365,03-29-05-26,1,0,42,XAI attention_opposite GC
371,03-29-06-23,3,0,44,XAI attention_opposite GC
374,03-29-06-41,4,0,45,XAI attention_opposite GC
377,03-29-06-59,2,0,46,XAI attention_opposite GC
380,03-29-07-24,8,0,47,XAI attention_opposite GC
383,03-29-07-51,14,0,48,XAI attention_opposite GC
386,03-29-08-32,7,0,49,XAI attention_opposite GC
392,03-29-09-16,6,0,51,XAI attention_opposite GC
395,03-29-09-37,13,0,52,XAI attention_opposite GC
398,03-29-10-05,2,0,53,XAI attention_opposite GC
401,03-29-10-38,8,0,54,XAI attention_opposite GC
404,03-29-11-04,8,0,55,XAI attention_opposite GC
407,03-29-11-20,2,0,56,XAI attention_opposite GC
410,03-29-11-40,4,0,57,XAI attention_opposite GC
413,03-29-12-15,13,0,58,XAI attention_opposite GC
416,03-29-12-43,2,0,59,XAI attention_opposite GC
419,03-29-13-07,6,0,60,XAI attention_opposite GC
422,03-30-15-52,3,0,1,XAI attention_opposite IG
425,03-30-16-10,6,0,2,XAI attention_opposite IG
428,03-30-16-23,1,0,3,XAI attention_opposite IG
431,03-30-16-40,3,0,4,XAI attention_opposite IG
434,03-30-16-49,5,0,5,XAI attention_opposite IG
437,03-30-17-12,5,0,6,XAI attention_opposite IG
440,03-30-18-48,31,0,7,XAI attention_opposite IG
443,03-30-20-25,32,0,8,XAI attention_opposite IG
446,03-30-21-13,8,0,9,XAI attention_opposite IG
449,03-30-21-39,5,0,10,XAI attention_opposite IG
452,03-30-21-59,39,1,11,XAI attention_opposite IG
455,03-30-22-59,13,0,12,XAI attention_opposite IG
458,03-31-00-43,39,1,13,XAI attention_opposite IG
461,03-31-01-43,4,0,14,XAI attention_opposite IG
464,03-31-01-52,1,0,15,XAI attention_opposite IG
467,03-31-03-13,9,0,16,XAI attention_opposite IG
470,03-31-03-32,8,0,17,XAI attention_opposite IG
473,03-31-03-49,1,0,18,XAI attention_opposite IG
479,03-31-05-10,19,0,20,XAI attention_opposite IG
482,03-31-05-48,2,0,21,XAI attention_opposite IG
485,03-31-06-01,1,0,22,XAI attention_opposite IG
491,03-31-07-18,4,0,24,XAI attention_opposite IG
494,03-31-07-34,6,0,25,XAI attention_opposite IG
497,03-31-08-07,7,0,26,XAI attention_opposite IG
500,03-31-09-06,23,0,27,XAI attention_opposite IG
503,03-31-09-42,16,0,28,XAI attention_opposite IG
506,03-31-10-25,36,0,29,XAI attention_opposite IG
509,03-31-11-25,2,0,30,XAI attention_opposite IG
512,03-31-11-47,6,0,31,XAI attention_opposite IG
515,03-31-12-04,1,0,32,XAI attention_opposite IG
518,03-31-13-20,39,1,33,XAI attention_opposite IG
521,03-31-14-22,14,0,34,XAI attention_opposite IG
524,03-31-14-44,1,0,35,XAI attention_opposite IG
527,03-31-15-22,3,0,36,XAI attention_opposite IG
530,03-31-15-54,14,0,37,XAI attention_opposite IG
533,03-31-16-43,10,0,38,XAI attention_opposite IG
536,03-31-17-19,1,0,39,XAI attention_opposite IG
542,03-31-18-09,39,1,41,XAI attention_opposite IG
545,03-31-19-19,13,0,42,XAI attention_opposite IG
551,03-31-20-02,13,0,44,XAI attention_opposite IG
554,03-31-21-01,5,0,45,XAI attention_opposite IG
557,03-31-21-12,1,0,46,XAI attention_opposite IG
560,03-31-21-40,3,0,47,XAI attention_opposite IG
563,03-31-21-54,5,0,48,XAI attention_opposite IG
566,03-31-22-18,7,0,49,XAI attention_opposite IG
572,03-31-22-38,2,0,51,XAI attention_opposite IG
575,03-31-22-55,7,0,52,XAI attention_opposite IG
578,03-31-23-37,2,0,53,XAI attention_opposite IG
581,04-01-00-25,16,0,54,XAI attention_opposite IG
584,04-01-01-00,6,0,55,XAI attention_opposite IG
587,04-01-01-21,9,0,56,XAI attention_opposite IG
590,04-01-01-53,12,0,57,XAI attention_opposite IG
593,04-01-02-45,19,0,58,XAI attention_opposite IG
596,04-01-03-18,3,0,59,XAI attention_opposite IG
599,04-01-03-46,3,0,60,XAI attention_opposite IG
602,03-25-20-18,3,0,1,XAI attention_opposite SM
605,03-25-20-46,14,0,2,XAI attention_opposite SM
608,03-25-21-21,6,0,3,XAI attention_opposite SM
611,03-25-21-45,4,0,4,XAI attention_opposite SM
614,03-25-21-57,1,0,5,XAI attention_opposite SM
617,03-25-22-14,5,0,6,XAI attention_opposite SM
620,03-25-23-51,39,1,7,XAI attention_opposite SM
623,03-26-01-29,24,0,8,XAI attention_opposite SM
626,03-26-02-10,3,0,9,XAI attention_opposite SM
629,03-26-02-20,1,0,10,XAI attention_opposite SM
632,03-26-02-49,39,1,11,XAI attention_opposite SM
635,03-26-03-44,5,0,12,XAI attention_opposite SM
638,03-26-05-22,39,1,13,XAI attention_opposite SM
641,03-26-06-52,11,0,14,XAI attention_opposite SM
644,03-26-07-10,1,0,15,XAI attention_opposite SM
647,03-26-07-37,6,0,16,XAI attention_opposite SM
650,03-26-07-56,3,0,17,XAI attention_opposite SM
653,03-26-08-06,2,0,18,XAI attention_opposite SM
659,03-26-09-12,5,0,20,XAI attention_opposite SM
662,03-26-09-36,2,0,21,XAI attention_opposite SM
665,03-26-10-02,10,0,22,XAI attention_opposite SM
671,03-26-11-28,8,0,24,XAI attention_opposite SM
674,03-26-12-04,39,1,25,XAI attention_opposite SM
677,03-26-13-17,9,0,26,XAI attention_opposite SM
680,03-26-13-49,39,1,27,XAI attention_opposite SM
683,03-26-14-44,11,0,28,XAI attention_opposite SM
686,03-26-15-09,17,0,29,XAI attention_opposite SM
689,03-26-15-48,7,0,30,XAI attention_opposite SM
692,03-26-16-18,6,0,31,XAI attention_opposite SM
695,03-26-16-33,1,0,32,XAI attention_opposite SM
698,03-26-17-02,16,0,33,XAI attention_opposite SM
701,03-26-17-41,8,0,34,XAI attention_opposite SM
704,03-26-17-57,1,0,35,XAI attention_opposite SM
707,03-26-18-49,19,0,36,XAI attention_opposite SM
710,03-26-19-37,14,0,37,XAI attention_opposite SM
713,03-26-20-20,13,0,38,XAI attention_opposite SM
716,03-26-21-15,4,0,39,XAI attention_opposite SM
722,03-26-22-30,14,0,41,XAI attention_opposite SM
725,03-26-23-01,1,0,42,XAI attention_opposite SM
731,03-26-23-59,11,0,44,XAI attention_opposite SM
734,03-27-18-42,1,0,45,XAI attention_opposite SM
737,03-27-19-45,7,0,46,XAI attention_opposite SM
740,03-27-20-04,11,0,47,XAI attention_opposite SM
743,03-27-20-36,7,0,48,XAI attention_opposite SM
746,03-27-21-03,7,0,49,XAI attention_opposite SM
752,03-27-21-46,2,0,51,XAI attention_opposite SM
755,03-27-22-01,27,0,52,XAI attention_opposite SM
758,03-27-22-41,20,0,53,XAI attention_opposite SM
761,03-27-23-47,8,0,54,XAI attention_opposite SM
764,03-28-00-17,8,0,55,XAI attention_opposite SM
767,03-28-00-41,39,1,56,XAI attention_opposite SM
770,03-28-01-53,2,0,57,XAI attention_opposite SM
773,03-28-02-20,25,0,58,XAI attention_opposite SM
776,03-28-03-06,3,0,59,XAI attention_opposite SM
779,03-28-03-33,9,0,60,XAI attention_opposite SM
2,03-22-19-28,12,0,1,XAI attention_same FSC
6,03-22-20-06,6,0,2,XAI attention_same FSC
10,03-22-20-32,1,0,3,XAI attention_same FSC
14,03-22-20-59,4,0,4,XAI attention_same FSC
18,03-22-21-43,1,0,5,XAI attention_same FSC
22,03-22-22-10,4,0,6,XAI attention_same FSC
26,03-23-00-02,25,0,7,XAI attention_same FSC
30,03-23-01-53,29,0,8,XAI attention_same FSC
34,03-23-03-05,3,0,9,XAI attention_same FSC
38,03-23-03-37,1,0,10,XAI attention_same FSC
42,03-23-04-17,39,1,11,XAI attention_same FSC
46,03-23-05-31,7,0,12,XAI attention_same FSC
50,03-23-07-11,39,1,13,XAI attention_same FSC
54,03-23-09-21,4,0,14,XAI attention_same FSC
58,03-23-09-38,1,0,15,XAI attention_same FSC
62,03-23-09-55,6,0,16,XAI attention_same FSC
66,03-23-11-09,12,0,17,XAI attention_same FSC
70,03-23-11-38,2,0,18,XAI attention_same FSC
78,03-23-12-57,7,0,20,XAI attention_same FSC
82,03-23-13-44,2,0,21,XAI attention_same FSC
86,03-23-14-08,8,0,22,XAI attention_same FSC
94,03-23-15-24,8,0,24,XAI attention_same FSC
98,03-23-16-14,14,0,25,XAI attention_same FSC
102,03-23-17-02,7,0,26,XAI attention_same FSC
106,03-23-18-01,3,0,27,XAI attention_same FSC
110,03-23-18-20,2,0,28,XAI attention_same FSC
114,03-23-18-50,11,0,29,XAI attention_same FSC
118,03-23-19-23,3,0,30,XAI attention_same FSC
122,03-23-20-10,12,0,31,XAI attention_same FSC
126,03-23-20-54,2,0,32,XAI attention_same FSC
130,03-23-21-55,39,1,33,XAI attention_same FSC
134,03-24-00-00,4,0,34,XAI attention_same FSC
138,03-24-00-29,1,0,35,XAI attention_same FSC
142,03-24-01-10,4,0,36,XAI attention_same FSC
146,03-24-02-10,14,0,37,XAI attention_same FSC
150,03-24-03-06,3,0,38,XAI attention_same FSC
154,03-24-03-33,4,0,39,XAI attention_same FSC
162,03-24-04-36,6,0,41,XAI attention_same FSC
166,03-24-05-13,1,0,42,XAI attention_same FSC
174,03-24-05-53,12,0,44,XAI attention_same FSC
178,03-24-07-09,1,0,45,XAI attention_same FSC
182,03-24-07-31,1,0,46,XAI attention_same FSC
186,03-24-08-07,11,0,47,XAI attention_same FSC
190,03-24-08-57,15,0,48,XAI attention_same FSC
194,03-24-10-19,5,0,49,XAI attention_same FSC
202,03-24-11-07,2,0,51,XAI attention_same FSC
206,03-24-11-27,9,0,52,XAI attention_same FSC
210,03-24-12-08,10,0,53,XAI attention_same FSC
214,03-24-13-20,12,0,54,XAI attention_same FSC
218,03-24-14-16,8,0,55,XAI attention_same FSC
222,03-24-15-28,7,0,56,XAI attention_same FSC
226,03-24-16-40,2,0,57,XAI attention_same FSC
230,03-24-17-41,7,0,58,XAI attention_same FSC
234,03-24-18-31,3,0,59,XAI attention_same FSC
238,03-24-19-05,8,0,60,XAI attention_same FSC
241,03-28-09-52,3,0,1,XAI attention_same GC
244,03-28-10-17,6,0,2,XAI attention_same GC
247,03-28-11-16,5,0,3,XAI attention_same GC
250,03-28-11-29,7,0,4,XAI attention_same GC
253,03-28-12-06,8,0,5,XAI attention_same GC
256,03-28-12-27,4,0,6,XAI attention_same GC
259,03-28-12-57,39,1,7,XAI attention_same GC
262,03-28-14-28,5,0,8,XAI attention_same GC
265,03-28-14-45,2,0,9,XAI attention_same GC
268,03-28-14-56,3,0,10,XAI attention_same GC
271,03-28-15-15,39,1,11,XAI attention_same GC
274,03-28-16-47,7,0,12,XAI attention_same GC
277,03-28-17-44,39,1,13,XAI attention_same GC
280,03-28-19-24,4,0,14,XAI attention_same GC
283,03-28-19-42,1,0,15,XAI attention_same GC
286,03-28-20-11,6,0,16,XAI attention_same GC
289,03-28-20-40,13,0,17,XAI attention_same GC
292,03-28-21-09,2,0,18,XAI attention_same GC
298,03-28-21-26,10,0,20,XAI attention_same GC
301,03-28-21-55,2,0,21,XAI attention_same GC
304,03-28-22-14,2,0,22,XAI attention_same GC
310,03-28-22-38,2,0,24,XAI attention_same GC
313,03-28-22-54,6,0,25,XAI attention_same GC
316,03-28-23-25,1,0,26,XAI attention_same GC
319,03-28-23-43,6,0,27,XAI attention_same GC
322,03-29-00-01,8,0,28,XAI attention_same GC
325,03-29-00-21,14,0,29,XAI attention_same GC
328,03-29-00-43,10,0,30,XAI attention_same GC
331,03-29-01-03,4,0,31,XAI attention_same GC
334,03-29-01-23,5,0,32,XAI attention_same GC
337,03-29-02-02,9,0,33,XAI attention_same GC
340,03-29-02-26,4,0,34,XAI attention_same GC
343,03-29-02-44,1,0,35,XAI attention_same GC
346,03-29-02-59,7,0,36,XAI attention_same GC
349,03-29-03-21,14,0,37,XAI attention_same GC
352,03-29-04-03,10,0,38,XAI attention_same GC
355,03-29-04-30,2,0,39,XAI attention_same GC
361,03-29-05-09,6,0,41,XAI attention_same GC
364,03-29-05-24,1,0,42,XAI attention_same GC
370,03-29-06-17,4,0,44,XAI attention_same GC
373,03-29-06-30,9,0,45,XAI attention_same GC
376,03-29-06-52,5,0,46,XAI attention_same GC
379,03-29-07-12,10,0,47,XAI attention_same GC
382,03-29-07-39,10,0,48,XAI attention_same GC
385,03-29-08-16,14,0,49,XAI attention_same GC
391,03-29-09-12,2,0,51,XAI attention_same GC
394,03-29-09-29,7,0,52,XAI attention_same GC
397,03-29-09-57,6,0,53,XAI attention_same GC
400,03-29-10-29,7,0,54,XAI attention_same GC
403,03-29-10-53,9,0,55,XAI attention_same GC
406,03-29-11-17,2,0,56,XAI attention_same GC
409,03-29-11-28,10,0,57,XAI attention_same GC
412,03-29-12-02,11,0,58,XAI attention_same GC
415,03-29-12-38,3,0,59,XAI attention_same GC
418,03-29-12-57,8,0,60,XAI attention_same GC
421,03-30-15-40,10,0,1,XAI attention_same IG
424,03-30-16-02,6,0,2,XAI attention_same IG
427,03-30-16-20,1,0,3,XAI attention_same IG
430,03-30-16-31,7,0,4,XAI attention_same IG
433,03-30-16-47,1,0,5,XAI attention_same IG
436,03-30-17-07,4,0,6,XAI attention_same IG
439,03-30-18-03,39,1,7,XAI attention_same IG
442,03-30-19-49,31,0,8,XAI attention_same IG
445,03-30-21-08,3,0,9,XAI attention_same IG
448,03-30-21-37,1,0,10,XAI attention_same IG
451,03-30-21-51,7,0,11,XAI attention_same IG
454,03-30-22-47,10,0,12,XAI attention_same IG
457,03-30-23-59,39,1,13,XAI attention_same IG
460,03-31-01-29,11,0,14,XAI attention_same IG
463,03-31-01-50,1,0,15,XAI attention_same IG
466,03-31-03-00,11,0,16,XAI attention_same IG
469,03-31-03-28,3,0,17,XAI attention_same IG
472,03-31-03-45,2,0,18,XAI attention_same IG
478,03-31-04-30,35,0,20,XAI attention_same IG
481,03-31-05-45,2,0,21,XAI attention_same IG
484,03-31-05-58,1,0,22,XAI attention_same IG
490,03-31-07-11,5,0,24,XAI attention_same IG
493,03-31-07-28,5,0,25,XAI attention_same IG
496,03-31-07-56,9,0,26,XAI attention_same IG
499,03-31-08-46,17,0,27,XAI attention_same IG
502,03-31-09-37,4,0,28,XAI attention_same IG
505,03-31-10-06,16,0,29,XAI attention_same IG
508,03-31-11-19,4,0,30,XAI attention_same IG
511,03-31-11-34,10,0,31,XAI attention_same IG
514,03-31-12-00,2,0,32,XAI attention_same IG
517,03-31-12-32,39,1,33,XAI attention_same IG
520,03-31-14-19,2,0,34,XAI attention_same IG
523,03-31-14-41,1,0,35,XAI attention_same IG
526,03-31-14-56,23,0,36,XAI attention_same IG
529,03-31-15-46,6,0,37,XAI attention_same IG
532,03-31-16-30,11,0,38,XAI attention_same IG
535,03-31-17-13,4,0,39,XAI attention_same IG
541,03-31-17-29,35,0,41,XAI attention_same IG
544,03-31-19-13,4,0,42,XAI attention_same IG
550,03-31-19-46,13,0,44,XAI attention_same IG
553,03-31-20-48,11,0,45,XAI attention_same IG
556,03-31-21-10,1,0,46,XAI attention_same IG
559,03-31-21-27,11,0,47,XAI attention_same IG
562,03-31-21-50,2,0,48,XAI attention_same IG
565,03-31-22-09,7,0,49,XAI attention_same IG
571,03-31-22-34,2,0,51,XAI attention_same IG
574,03-31-22-52,2,0,52,XAI attention_same IG
577,03-31-23-19,15,0,53,XAI attention_same IG
580,04-01-00-02,20,0,54,XAI attention_same IG
583,04-01-00-49,8,0,55,XAI attention_same IG
586,04-01-01-13,6,0,56,XAI attention_same IG
589,04-01-01-40,10,0,57,XAI attention_same IG
592,04-01-02-29,13,0,58,XAI attention_same IG
595,04-01-03-15,2,0,59,XAI attention_same IG
598,04-01-03-33,11,0,60,XAI attention_same IG
601,03-25-20-03,12,0,1,XAI attention_same SM
604,03-25-20-32,11,0,2,XAI attention_same SM
607,03-25-21-12,7,0,3,XAI attention_same SM
610,03-25-21-35,7,0,4,XAI attention_same SM
613,03-25-21-54,1,0,5,XAI attention_same SM
616,03-25-22-08,4,0,6,XAI attention_same SM
619,03-25-23-06,39,1,7,XAI attention_same SM
622,03-26-01-03,21,0,8,XAI attention_same SM
625,03-26-02-05,3,0,9,XAI attention_same SM
628,03-26-02-17,1,0,10,XAI attention_same SM
631,03-26-02-34,12,0,11,XAI attention_same SM
634,03-26-03-42,1,0,12,XAI attention_same SM
637,03-26-04-36,39,1,13,XAI attention_same SM
640,03-26-06-22,25,0,14,XAI attention_same SM
643,03-26-07-08,1,0,15,XAI attention_same SM
646,03-26-07-29,6,0,16,XAI attention_same SM
649,03-26-07-52,3,0,17,XAI attention_same SM
652,03-26-08-04,1,0,18,XAI attention_same SM
658,03-26-08-47,21,0,20,XAI attention_same SM
661,03-26-09-32,2,0,21,XAI attention_same SM
664,03-26-09-53,7,0,22,XAI attention_same SM
670,03-26-10-42,39,1,24,XAI attention_same SM
673,03-26-11-52,9,0,25,XAI attention_same SM
676,03-26-13-00,14,0,26,XAI attention_same SM
679,03-26-13-42,5,0,27,XAI attention_same SM
682,03-26-14-39,4,0,28,XAI attention_same SM
685,03-26-15-05,2,0,29,XAI attention_same SM
688,03-26-15-44,2,0,30,XAI attention_same SM
691,03-26-16-08,7,0,31,XAI attention_same SM
694,03-26-16-29,2,0,32,XAI attention_same SM
697,03-26-16-59,2,0,33,XAI attention_same SM
700,03-26-17-31,8,0,34,XAI attention_same SM
703,03-26-17-55,1,0,35,XAI attention_same SM
706,03-26-18-35,11,0,36,XAI attention_same SM
709,03-26-19-19,14,0,37,XAI attention_same SM
712,03-26-20-15,3,0,38,XAI attention_same SM
715,03-26-20-48,22,0,39,XAI attention_same SM
721,03-26-22-14,13,0,41,XAI attention_same SM
724,03-26-22-58,1,0,42,XAI attention_same SM
730,03-26-23-34,20,0,44,XAI attention_same SM
733,03-27-00-20,5,0,45,XAI attention_same SM
736,03-27-19-36,7,0,46,XAI attention_same SM
739,03-27-19-59,3,0,47,XAI attention_same SM
742,03-27-20-22,12,0,48,XAI attention_same SM
745,03-27-20-58,3,0,49,XAI attention_same SM
751,03-27-21-42,2,0,51,XAI attention_same SM
754,03-27-21-54,5,0,52,XAI attention_same SM
757,03-27-22-38,2,0,53,XAI attention_same SM
760,03-27-23-23,20,0,54,XAI attention_same SM
763,03-28-00-06,8,0,55,XAI attention_same SM
766,03-28-00-38,2,0,56,XAI attention_same SM
769,03-28-01-33,16,0,57,XAI attention_same SM
772,03-28-02-11,7,0,58,XAI attention_same SM
775,03-28-03-01,3,0,59,XAI attention_same SM
778,03-28-03-23,8,0,60,XAI attention_same SM
1,03-22-19-23,3,0,1,XAI random FSC
5,03-22-19-58,5,0,2,XAI random FSC
9,03-22-20-29,1,0,3,XAI random FSC
13,03-22-20-52,4,0,4,XAI random FSC
17,03-22-21-27,12,0,5,XAI random FSC
21,03-22-22-03,5,0,6,XAI random FSC
25,03-22-23-14,39,1,7,XAI random FSC
29,03-23-01-42,8,0,8,XAI random FSC
33,03-23-02-57,5,0,9,XAI random FSC
37,03-23-03-31,4,0,10,XAI random FSC
41,03-23-04-12,3,0,11,XAI random FSC
45,03-23-05-24,5,0,12,XAI random FSC
49,03-23-06-22,39,1,13,XAI random FSC
53,03-23-09-08,10,0,14,XAI random FSC
57,03-23-09-36,1,0,15,XAI random FSC
61,03-23-09-48,4,0,16,XAI random FSC
65,03-23-11-03,4,0,17,XAI random FSC
69,03-23-11-35,1,0,18,XAI random FSC
77,03-23-12-52,3,0,20,XAI random FSC
81,03-23-13-40,2,0,21,XAI random FSC
85,03-23-14-01,5,0,22,XAI random FSC
93,03-23-15-18,4,0,24,XAI random FSC
97,03-23-15-59,11,0,25,XAI random FSC
101,03-23-16-49,10,0,26,XAI random FSC
105,03-23-17-51,7,0,27,XAI random FSC
109,03-23-18-15,3,0,28,XAI random FSC
113,03-23-18-44,4,0,29,XAI random FSC
117,03-23-19-16,4,0,30,XAI random FSC
121,03-23-19-59,8,0,31,XAI random FSC
125,03-23-20-50,2,0,32,XAI random FSC
129,03-23-21-23,24,0,33,XAI random FSC
133,03-23-23-51,6,0,34,XAI random FSC
137,03-24-00-26,1,0,35,XAI random FSC
141,03-24-00-59,8,0,36,XAI random FSC
145,03-24-02-00,7,0,37,XAI random FSC
149,03-24-02-54,9,0,38,XAI random FSC
153,03-24-03-28,3,0,39,XAI random FSC
161,03-24-04-30,4,0,41,XAI random FSC
165,03-24-05-08,3,0,42,XAI random FSC
173,03-24-05-43,7,0,44,XAI random FSC
177,03-24-06-59,7,0,45,XAI random FSC
181,03-24-07-29,1,0,46,XAI random FSC
185,03-24-08-00,4,0,47,XAI random FSC
189,03-24-08-41,12,0,48,XAI random FSC
193,03-24-10-11,6,0,49,XAI random FSC
201,03-24-11-03,2,0,51,XAI random FSC
205,03-24-11-22,3,0,52,XAI random FSC
209,03-24-12-00,6,0,53,XAI random FSC
213,03-24-13-07,10,0,54,XAI random FSC
217,03-24-14-10,4,0,55,XAI random FSC
221,03-24-15-21,4,0,56,XAI random FSC
225,03-24-16-30,7,0,57,XAI random FSC
229,03-24-17-27,11,0,58,XAI random FSC
233,03-24-18-17,10,0,59,XAI random FSC
237,03-24-18-55,7,0,60,XAI random FSC
240,03-28-09-48,2,0,1,XAI random GC
243,03-28-10-07,8,0,2,XAI random GC
246,03-28-10-33,39,1,3,XAI random GC
249,03-28-11-25,2,0,4,XAI random GC
252,03-28-11-46,18,0,5,XAI random GC
255,03-28-12-22,3,0,6,XAI random GC
258,03-28-12-36,18,0,7,XAI random GC
261,03-28-14-22,5,0,8,XAI random GC
264,03-28-14-41,2,0,9,XAI random GC
267,03-28-14-53,2,0,10,XAI random GC
270,03-28-15-05,9,0,11,XAI random GC
273,03-28-16-44,2,0,12,XAI random GC
276,03-28-17-01,39,1,13,XAI random GC
279,03-28-19-11,11,0,14,XAI random GC
282,03-28-19-40,1,0,15,XAI random GC
285,03-28-19-55,14,0,16,XAI random GC
288,03-28-20-28,10,0,17,XAI random GC
291,03-28-21-06,1,0,18,XAI random GC
297,03-28-21-20,5,0,20,XAI random GC
300,03-28-21-48,6,0,21,XAI random GC
303,03-28-22-02,9,0,22,XAI random GC
309,03-28-22-33,4,0,24,XAI random GC
312,03-28-22-50,3,0,25,XAI random GC
315,03-28-23-10,13,0,26,XAI random GC
318,03-28-23-30,11,0,27,XAI random GC
321,03-28-23-57,3,0,28,XAI random GC
324,03-29-00-14,5,0,29,XAI random GC
327,03-29-00-40,1,0,30,XAI random GC
330,03-29-00-59,3,0,31,XAI random GC
333,03-29-01-14,7,0,32,XAI random GC
336,03-29-01-56,5,0,33,XAI random GC
339,03-29-02-21,4,0,34,XAI random GC
342,03-29-02-41,1,0,35,XAI random GC
345,03-29-02-49,8,0,36,XAI random GC
348,03-29-03-18,1,0,37,XAI random GC
351,03-29-03-45,15,0,38,XAI random GC
354,03-29-04-25,3,0,39,XAI random GC
360,03-29-04-52,15,0,41,XAI random GC
363,03-29-05-21,1,0,42,XAI random GC
369,03-29-05-34,39,1,44,XAI random GC
372,03-29-06-28,1,0,45,XAI random GC
375,03-29-06-47,4,0,46,XAI random GC
378,03-29-07-02,8,0,47,XAI random GC
381,03-29-07-34,4,0,48,XAI random GC
384,03-29-08-07,7,0,49,XAI random GC
390,03-29-09-09,2,0,51,XAI random GC
393,03-29-09-23,4,0,52,XAI random GC
396,03-29-09-53,3,0,53,XAI random GC
399,03-29-10-08,18,0,54,XAI random GC
402,03-29-10-47,4,0,55,XAI random GC
405,03-29-11-14,2,0,56,XAI random GC
408,03-29-11-24,3,0,57,XAI random GC
411,03-29-11-46,14,0,58,XAI random GC
414,03-29-12-30,6,0,59,XAI random GC
417,03-29-12-46,9,0,60,XAI random GC
420,03-30-15-27,10,0,1,XAI random IG
423,03-30-15-57,4,0,2,XAI random IG
426,03-30-16-18,1,0,3,XAI random IG
429,03-30-16-25,4,0,4,XAI random IG
432,03-30-16-45,1,0,5,XAI random IG
435,03-30-16-56,9,0,6,XAI random IG
438,03-30-17-19,39,1,7,XAI random IG
441,03-30-19-24,22,0,8,XAI random IG
444,03-30-21-02,4,0,9,XAI random IG
447,03-30-21-23,11,0,10,XAI random IG
450,03-30-21-46,3,0,11,XAI random IG
453,03-30-22-43,3,0,12,XAI random IG
456,03-30-23-15,39,1,13,XAI random IG
459,03-31-01-26,2,0,14,XAI random IG
462,03-31-01-48,1,0,15,XAI random IG
465,03-31-01-54,4,0,16,XAI random IG
468,03-31-03-25,2,0,17,XAI random IG
471,03-31-03-42,1,0,18,XAI random IG
477,03-31-04-11,16,0,20,XAI random IG
480,03-31-05-32,10,0,21,XAI random IG
483,03-31-05-52,5,0,22,XAI random IG
489,03-31-06-24,39,1,24,XAI random IG
492,03-31-07-23,3,0,25,XAI random IG
495,03-31-07-42,11,0,26,XAI random IG
498,03-31-08-16,27,0,27,XAI random IG
501,03-31-09-32,3,0,28,XAI random IG
504,03-31-10-01,4,0,29,XAI random IG
507,03-31-11-07,9,0,30,XAI random IG
510,03-31-11-29,4,0,31,XAI random IG
513,03-31-11-55,4,0,32,XAI random IG
516,03-31-12-06,21,0,33,XAI random IG
519,03-31-14-08,9,0,34,XAI random IG
522,03-31-14-39,1,0,35,XAI random IG
525,03-31-14-47,7,0,36,XAI random IG
528,03-31-15-27,16,0,37,XAI random IG
531,03-31-16-11,16,0,38,XAI random IG
534,03-31-16-56,15,0,39,XAI random IG
540,03-31-17-27,1,0,41,XAI random IG
543,03-31-18-54,16,0,42,XAI random IG
549,03-31-19-40,4,0,44,XAI random IG
552,03-31-20-17,26,0,45,XAI random IG
555,03-31-21-08,1,0,46,XAI random IG
558,03-31-21-15,10,0,47,XAI random IG
561,03-31-21-45,4,0,48,XAI random IG
564,03-31-22-01,6,0,49,XAI random IG
570,03-31-22-32,1,0,51,XAI random IG
573,03-31-22-42,8,0,52,XAI random IG
576,03-31-23-04,12,0,53,XAI random IG
579,03-31-23-40,19,0,54,XAI random IG
582,04-01-00-44,4,0,55,XAI random IG
585,04-01-01-07,4,0,56,XAI random IG
588,04-01-01-32,6,0,57,XAI random IG
591,04-01-02-07,19,0,58,XAI random IG
594,04-01-03-07,6,0,59,XAI random IG
597,04-01-03-23,8,0,60,XAI random IG
600,03-25-19-59,2,0,1,XAI random SM
603,03-25-20-23,7,0,2,XAI random SM
606,03-25-21-03,6,0,3,XAI random SM
609,03-25-21-29,4,0,4,XAI random SM
612,03-25-21-51,2,0,5,XAI random SM
615,03-25-21-59,7,0,6,XAI random SM
618,03-25-22-21,39,1,7,XAI random SM
621,03-26-00-37,22,0,8,XAI random SM
624,03-26-01-58,5,0,9,XAI random SM
627,03-26-02-15,1,0,10,XAI random SM
630,03-26-02-23,9,0,11,XAI random SM
633,03-26-03-35,5,0,12,XAI random SM
636,03-26-03-51,39,1,13,XAI random SM
639,03-26-06-10,9,0,14,XAI random SM
642,03-26-07-06,1,0,15,XAI random SM
645,03-26-07-13,13,0,16,XAI random SM
648,03-26-07-45,5,0,17,XAI random SM
651,03-26-08-01,1,0,18,XAI random SM
657,03-26-08-30,14,0,20,XAI random SM
660,03-26-09-19,10,0,21,XAI random SM
663,03-26-09-40,10,0,22,XAI random SM
669,03-26-10-23,15,0,24,XAI random SM
672,03-26-11-38,11,0,25,XAI random SM
675,03-26-12-50,7,0,26,XAI random SM
678,03-26-13-29,10,0,27,XAI random SM
681,03-26-14-34,3,0,28,XAI random SM
684,03-26-14-58,5,0,29,XAI random SM
687,03-26-15-30,11,0,30,XAI random SM
690,03-26-15-58,8,0,31,XAI random SM
693,03-26-16-26,1,0,32,XAI random SM
696,03-26-16-35,19,0,33,XAI random SM
699,03-26-17-22,6,0,34,XAI random SM
702,03-26-17-52,1,0,35,XAI random SM
705,03-26-18-00,30,0,36,XAI random SM
708,03-26-19-12,5,0,37,XAI random SM
711,03-26-19-54,17,0,38,XAI random SM
714,03-26-20-36,9,0,39,XAI random SM
720,03-26-21-26,39,0,41,XAI random SM
723,03-26-22-47,9,0,42,XAI random SM
729,03-26-23-29,3,0,44,XAI random SM
732,03-27-00-13,5,0,45,XAI random SM
735,03-27-18-49,39,1,46,XAI random SM
738,03-27-19-54,3,0,47,XAI random SM
741,03-27-20-18,2,0,48,XAI random SM
744,03-27-20-46,10,0,49,XAI random SM
750,03-27-21-39,1,0,51,XAI random SM
753,03-27-21-50,3,0,52,XAI random SM
756,03-27-22-34,2,0,53,XAI random SM
759,03-27-23-06,14,0,54,XAI random SM
762,03-27-23-57,7,0,55,XAI random SM
765,03-28-00-27,8,0,56,XAI random SM
768,03-28-01-26,5,0,57,XAI random SM
771,03-28-01-57,11,0,58,XAI random SM
774,03-28-02-51,8,0,59,XAI random SM
777,03-28-03-11,9,0,60,XAI random SM
