population size,label number,total iteration number,attention method,control point,mutation type,stride extent,misbehaviour number,misbehaviour Percentage
1,0,100,SmoothGrad,clustering,toward_centroid,2,0,0.00%
1,1,100,SmoothGrad,clustering,toward_centroid,2,0,0.00%
1,2,92,SmoothGrad,clustering,toward_centroid,2,1,100.00%
1,3,66,SmoothGrad,clustering,toward_centroid,2,1,100.00%
1,4,42,SmoothGrad,clustering,toward_centroid,2,1,100.00%
1,5,90,SmoothGrad,clustering,toward_centroid,2,1,100.00%
1,6,100,SmoothGrad,clustering,toward_centroid,2,0,0.00%
1,7,100,SmoothGrad,clustering,toward_centroid,2,0,0.00%
1,8,100,SmoothGrad,clustering,toward_centroid,2,0,0.00%
1,9,1,SmoothGrad,clustering,toward_centroid,2,1,100.00%
1,0,100,GradCAM++,clustering,toward_centroid,2,0,0.00%
1,1,74,GradCAM++,clustering,toward_centroid,2,1,100.00%
1,2,100,GradCAM++,clustering,toward_centroid,2,0,0.00%
1,3,100,GradCAM++,clustering,toward_centroid,2,0,0.00%
1,4,47,GradCAM++,clustering,toward_centroid,2,1,100.00%
1,5,58,GradCAM++,clustering,toward_centroid,2,1,100.00%
1,6,100,GradCAM++,clustering,toward_centroid,2,0,0.00%
1,7,100,GradCAM++,clustering,toward_centroid,2,0,0.00%
1,8,100,GradCAM++,clustering,toward_centroid,2,0,0.00%
1,9,1,GradCAM++,clustering,toward_centroid,2,1,100.00%
1,0,100,Faster-ScoreCAM,clustering,toward_centroid,2,0,0.00%
1,1,100,Faster-ScoreCAM,clustering,toward_centroid,2,0,0.00%
1,2,83,Faster-ScoreCAM,clustering,toward_centroid,2,1,100.00%
1,3,82,Faster-ScoreCAM,clustering,toward_centroid,2,1,100.00%
1,4,100,Faster-ScoreCAM,clustering,toward_centroid,2,0,0.00%
1,5,100,Faster-ScoreCAM,clustering,toward_centroid,2,0,0.00%
1,6,100,Faster-ScoreCAM,clustering,toward_centroid,2,0,0.00%
1,7,100,Faster-ScoreCAM,clustering,toward_centroid,2,0,0.00%
1,8,100,Faster-ScoreCAM,clustering,toward_centroid,2,0,0.00%
1,9,1,Faster-ScoreCAM,clustering,toward_centroid,2,1,100.00%
1,0,100,IntegratedGradients,clustering,toward_centroid,2,0,0.00%
1,1,100,IntegratedGradients,clustering,toward_centroid,2,0,0.00%
1,2,57,IntegratedGradients,clustering,toward_centroid,2,1,100.00%
1,3,100,IntegratedGradients,clustering,toward_centroid,2,0,0.00%
1,4,61,IntegratedGradients,clustering,toward_centroid,2,1,100.00%
1,5,86,IntegratedGradients,clustering,toward_centroid,2,1,100.00%
1,6,44,IntegratedGradients,clustering,toward_centroid,2,1,100.00%
1,7,100,IntegratedGradients,clustering,toward_centroid,2,0,0.00%
1,8,100,IntegratedGradients,clustering,toward_centroid,2,0,0.00%
1,9,1,IntegratedGradients,clustering,toward_centroid,2,1,100.00%
